-- phpMyAdmin SQL Dump
-- version 5.2.1
-- https://www.phpmyadmin.net/
--
-- 主機： 127.0.0.1
-- 產生時間： 2023-07-18 14:17:55
-- 伺服器版本： 10.4.28-MariaDB
-- PHP 版本： 8.2.4

SET SQL_MODE = "NO_AUTO_VALUE_ON_ZERO";
START TRANSACTION;
SET time_zone = "+00:00";


/*!40101 SET @OLD_CHARACTER_SET_CLIENT=@@CHARACTER_SET_CLIENT */;
/*!40101 SET @OLD_CHARACTER_SET_RESULTS=@@CHARACTER_SET_RESULTS */;
/*!40101 SET @OLD_COLLATION_CONNECTION=@@COLLATION_CONNECTION */;
/*!40101 SET NAMES utf8mb4 */;

--
-- 資料庫： `pet`
--

-- --------------------------------------------------------

--
-- 資料表結構 `article`
--

CREATE TABLE `article` (
  `id` int(255) NOT NULL,
  `title` varchar(50) NOT NULL,
  `content` text NOT NULL,
  `abstract` varchar(1000) NOT NULL,
  `category` int(50) NOT NULL,
  `published_date` datetime NOT NULL,
  `created_date` datetime NOT NULL,
  `valid` int(5) NOT NULL
) ENGINE=InnoDB DEFAULT CHARSET=utf8mb4 COLLATE=utf8mb4_unicode_ci;

--
-- 傾印資料表的資料 `article`
--

INSERT INTO `article` (`id`, `title`, `content`, `abstract`, `category`, `published_date`, `created_date`, `valid`) VALUES
(1, '[修改圖片]陣痛9hrs產下！北動穿山甲「果皮」滿月　旅捷姪女將迎獨立新生活 ', '<p>[123修改圖片]穿山甲家族近期喜訊連連！</p><p>遠在捷克布拉格動物園的「松果」在媽媽「潤喉糖」及布拉格動物園夥伴的照顧下，目前已順利斷奶轉換食性，準備迎接獨立新生活！</p><p>而台北動物園內照養的穿山甲「莓果」，也在今年6月11日順利產下新生穿山甲「果皮」，雄性寶寶體態飽滿且活力十足。&nbsp;</p><p>台北市立動物園園長諶亦聰表示，繼遠赴布拉格動物園的穿山甲「潤喉糖」和「果寶」在2月2日成功產下寶寶「松果」，成為第一隻誕生在歐洲的穿山甲。6月11日晚間，「果寶」的弟弟「果皮」也在媽媽「莓果」的努力下，成功出生於台北動物園。 早在今年5月底，保育員就開始準備迎接穿山甲寶寶的到來。但由於無法從穿山甲的行為與外觀監測懷孕狀況，因此，園方透過定期的血液檢查，從荷爾蒙的變化確認穿山甲是否懷孕，當賀爾蒙超過閾值，便會輔以超音波方式確認胎兒的發育狀況。&nbsp;</p><p>穿山甲「果皮」出生的那天上午，保育員便注意到「莓果」的不安與躁動，站、躺、捲不斷地更換姿勢。在「莓果」陣痛近9個小時後，保育員終於看到牠懷裡多出了一個小肉球，「果皮」順利誕生！ 台北動物園穿山甲研究團隊，歷經多年研究，除了確定穿山甲的懷孕期為6-7個月外，還能透過穿山甲胎兒的成長數據，推算準確的預產期。長期累積的照養經驗，提供了穿山甲保育嶄新的技術，成為國際間在穿山甲工作上，重要的諮詢對象與合作夥伴。&nbsp;</p><p>中華穿山甲在國際自然保護聯盟（IUCN）紅皮書中已被列為「極度瀕危」。台灣是中華穿山甲的重要分布地區，甚至被專家認為可能是最後一塊中華穿山甲的保護基地。在全球野外穿山甲數量持續下降的情況下，除了關注與改善牠們在野外所面臨的威脅，建立穩定的中華穿山甲域外族群進行保種，更是近期國際動物園與野生動物保育機構的優先工作。</p>', '[修改圖片]穿山甲家族近期喜訊連連！遠在捷克布拉格動物園的「松果」在媽媽「潤喉糖」及布拉格動物園夥伴的照顧下，目前已順利斷奶轉換食性，準備迎接獨立新生活！而台北動物園內照養的穿山甲「莓果」，也在今年6月11日順利產下新生穿山甲「果皮」，雄性寶寶體態飽滿且活力十足。', 1, '2023-07-12 12:00:00', '2023-07-11 09:11:46', 1),
(2, '2警犬值勤任務「誤食冰毒」！搶救仍殉職　警局慟哀悼：很想念牠 ', '加拿大安大略省胡士托（Woodstock ）日前發生警犬殉職事件，警犬「塔茲（Taz）」和「斯特里克（Striker）」在協助毒品搜查行動時，皆不慎誤食了冰毒，緊急被送往動物醫院急救。沒想到，塔茲在接受藥物治療後，仍宣告不治，特里克仍在院內進行觀察，消息曝光惹人心疼。\r\n\r\n綜合外媒報導，胡士托警局（Woodstock Police Service）K9部門於7月3日晚間接獲通報，協助斯特拉特福（Stratford）警方展開毒品調查案件。斯特拉特福警方表示，警方目擊2名嫌疑人從行駛中的車輛中扔出物品，而這些被丟棄的物品，後來被證實為毒品甲基苯丙胺（俗稱冰毒），員警當晚8時許捕獲嫌犯，由胡士托警犬塔茲、斯特里克進行毒品搜查行動。\r\n\r\n警犬塔茲、斯特里克前往案發現場，於嫌犯扔出毒品的區域進行搜查，沒想到在搜查過程中，塔茲和斯特里克雙雙誤食冰毒。警方指出，塔茲和斯特里克被送往動物醫院時，都被注射了納洛酮（Naloxone），遺憾的是塔茲沒有成功獲救，當場被院方宣布死亡，斯特里克仍在診所接受觀察，所幸牠的身體狀況逐漸好轉，已於7月5日出院休養。\r\n\r\n塔茲於2021年加入胡士托警局接受警犬訓練，2022年正式部屬，警方7月5日公布塔茲死訊，並透露塔茲是個優秀的偵查犬，曾協助調查多起毒品、武器相關的逮捕行動，以及多起失蹤人員調查案件，深深受到胡士托警局、警犬隊朋友、以及與牠密切合作的美容師、獸醫師、治療師喜愛，大家都很想念牠。\r\n\r\n', '加拿大安大略省胡士托（Woodstock ）日前發生警犬殉職事件，警犬「塔茲（Taz）」和「斯特里克（Striker）」在協助毒品搜查行動時，皆不慎誤食了冰毒，緊急被送往動物醫院急救。沒想到，塔茲在接受藥物治療後，仍宣告不治，特里克仍在院內進行觀察，消息曝光惹人心疼。', 1, '2023-07-11 09:51:46', '2023-07-11 09:51:46', 1),
(3, '肚子「5大原因統整」　慈愛醫提醒：勿自行斷食斷水', '毛孩拉肚子別輕忽！慈愛動物醫院東森廣場分院院長朱道南7日晚間8點在粉專「ETtoday寵物雲」直播，分享寵物腸胃道相關症狀，除了說明犬貓在哪5種狀況下會出現腹瀉的情況，也建議飼主若發生血便、持續腹瀉時一定要趕快就醫，並提醒千萬別自行診斷、斷水斷食，避免毛孩的消化道細胞受傷。\r\n\r\n朱道南表示，透過觀察大便的頻率、型態、顏色可了解毛小孩的腸胃道情況，對於診斷毛孩腸胃症狀為重要依據。他補充，糞便型態可分為七個等級，1.是非常硬且乾燥的便便，2.為實在、不會太硬，3.是表面有點濕，有成條成段，能完整撿起，撿起來會沾在地板上。4.濕，稍微成形，不能完整撿起，撿起來會沾在地板上。5.濕，常常會條狀堆疊在一起。不能完整撿起，撿起來會沾在地板上。6.濕，沒有特定形狀。不能完整撿起，撿起來會沾在地板上。7.完全水便。\r\n\r\n那麼寵物為甚麼會拉肚子呢？朱道南醫師則統整出5大原因，分別是「感染」、「炎症」、「食物過敏」、「臟器功能」、「其他」。朱醫師進一步解釋，第一點「感染」包含細菌性感染、病毒性感染及寄生蟲感染，其中細菌性感染也就是「細菌性腸胃炎」，在生活中最顯著的例子為食物中毒，犬貓若是吃了不新鮮的食物就會開始嘔吐、拉肚子，需服用抗生素協助殺菌。\r\n\r\n病毒性感染大多發生在犬貓幼年期，例如「犬小病毒腸炎」。朱道南醫師補充，犬小病毒腸炎對小狗殺傷力很強，會一直嘔吐腹瀉，通常存活率不高。即使打過疫苗，也可能因為抵抗力尚未提升導致感染病毒。寄生蟲感染如體內的心絲蟲，腸道相關的蛔蟲、蟯蟲、絛蟲等，或是梨形鞭毛蟲、球蟲都是會讓狗貓拉肚子的寄生蟲，最重要的預防方式就是定期驅蟲。朱醫師提醒，即使貓狗不常出門，寄生蟲也可能透過主人外出回家時，傳給自家寵物，因此還是有感染風險。\r\n\r\n至於糞便顏色也是重要指標，像是便便表面出現紅色血漬，可能代表直腸發炎；出現綠色可能暗示膽囊有問題；灰色、白色則是和脂肪消化有關。\r\n\r\n第二點是「炎症」，如胰臟炎、急性腸炎、慢性腸炎也會讓狗貓拉肚子，嚴重時甚至會發生出血性腸炎，寵物會如水洩般不停拉肚子，甚至到脫水休克，也會造成肝腎傷害，因此出現相關症狀一定要馬上送醫。\r\n\r\n第三點為「食物過敏」，朱道南醫師表示，食物過敏會導致毛孩嘔吐拉肚子，也會有皮膚搔癢的問題，但如果換了飼料就會改善很多。不過要診斷食物過敏是一段艱難的過程，且在多狗多貓的家庭裡，食物測試時不能共用食碗和水碗，此外除蟲也不能用口服肉錠，只能用點藥的方式。\r\n\r\n第四點為「臟器功能」，朱道南醫師表示，肝臟、腎臟受傷也會有腸胃道症狀，肝腎指數上升常見情況像是吃了人的止痛藥、經痛藥、長時間沒喝水，會造成精神食慾不好，並伴隨嘔吐、拉肚子。\r\n\r\n\r\n第五點則包含腫瘤、中毒、異食癖、內外分泌、環境緊迫等其他情況。朱道南醫師補充，外分泌如胰臟發炎後，分泌消化酵素不足的情況下也容易讓狗狗拉肚子，德國狼犬就是好發族群，另外像是年紀大的狗狗長腫瘤、寵物吃了棉線異物、天氣、環境的變化也會導致犬貓腸胃不適。\r\n\r\n朱道南醫師表示，寵物拉肚子情況若不是很嚴重，像是頻率沒有很頻繁、顏色沒有出血，或是沒有腸黏膜跑出來，在臨床診斷上通常不會第一時間開抗生素，會先針對拉肚子狀況進行控制，若太嚴重才會投以抗生素。除了避免抗生素濫用外，研究也有顯示，太早投以抗生素對腹瀉治療不會有太顯著效果，「除非是細菌性的感染、腸炎，抗生素才會比較常用，腹瀉、拉肚子的門診起初不太會開抗生素。」\r\n\r\n最後，朱道南醫師提醒，拉肚子背後有很多隱藏因素，當寵物出現腸胃道症狀，像是嘔吐、拉肚子時，可先拍照紀錄糞便情況，或是將成型糞便帶給醫生診斷，飼主不要自行在家診斷、斷水斷食，「斷水斷食太久會讓牠們的消化道細胞受傷、壞死，腸道細胞壞死會讓身體吸收更差，壞死細胞又不斷累積，會讓情況一去不復返。」', '毛孩拉肚子別輕忽！慈愛動物醫院東森廣場分院院長朱道南7日晚間8點在粉專「ETtoday寵物雲」直播，分享寵物腸胃道相關症狀，除了說明犬貓在哪5種狀況下會出現腹瀉的情況，也建議飼主若發生血便、持續腹瀉時一定要趕快就醫，並提醒千萬別自行診斷、斷水斷食，避免毛孩的消化道細胞受傷。', 1, '2023-07-11 10:01:20', '2023-07-11 10:01:20', 1),
(4, '中午騎車遛狗！米克斯軟癱柏油路「熱暈不動了」17秒拖行畫面曝光', '桃園市楊梅區6月29日上午11時許發生一起不當飼養事件，一名男子被目擊「騎機車遛狗」，拖著米克斯黑犬穿梭在車陣間，犬隻疑似體力不堪負荷倒地，被車子拖行數公尺，畫面全被行車紀錄器拍下。目擊民眾的友人公布影片，氣得直呼「有人認識這個人嗎？小黑還活著嗎？」，並透露已經通報動保處。\r\n\r\n透過第一段行車紀錄器畫面可見，男子騎著機車行經楊梅國中一帶，拉著綁著牽繩的黑狗一路前行，過程中狗狗不斷賣力在柏油路狂奔，試圖跟上車子的速度。第二段行車紀錄器畫面錄下，黑狗疑似體力不支和熱暈，整隻狗軟癱在地上，一路被機車向前拖行了幾公尺，直到男子發現狀況後，才停下車來向前查看，狗狗則一動也不動，生死未卜。\r\n\r\n目擊民眾的友人公布畫面，氣得直呼「太生氣一定要貼文，找這黑狗還活著嗎？」原PO進一步表示，朋友從揚昇球場到楊梅國中，看到男子騎車一路遛狗，遛到狗體力不支倒地，「這麼行你自己不會下來跑，正中午大熱天地板這麼熱，這完全是虐狗......，有人認識這個人嗎？我想知道這小黑還活著嗎？1～2點我去附近找都沒看到！」\r\n\r\n原PO指出，他已經向桃園市動保處檢舉報案，一定會持續追蹤案件的辦理進度，沒給教訓不把生命當一回事，並透露涂權吉市議員服務處也聯繫動保處，承辦人員已發文至監理站調閱車籍資料，「目前公文作業中，動保處會與我們保持聯繫，一旦找到當事人，會趕快跟大家報告最新狀況，以及狗狗的健康狀況。」\r\n\r\n對此，記者7月7日多次致電桃園市動保處詢問，截稿前尚未取得承辦人員回應。但根據《動物保護法》第5條第2項規定，不得以汽、機車牽引寵物，運輸時應將寵物放置運輸籠等安全設施內，違者造成犬隻受傷，可處1萬5千元以上、7萬5千元以下罰鍰，若故意拖行犬隻造成死亡，最高可處2年以下有期徒刑。\r\n', '桃園市楊梅區6月29日上午11時許發生一起不當飼養事件，一名男子被目擊「騎機車遛狗」，拖著米克斯黑犬穿梭在車陣間，犬隻疑似體力不堪負荷倒地，被車子拖行數公尺，畫面全被行車紀錄器拍下。目擊民眾的友人公布影片，氣得直呼「有人認識這個人嗎？小黑還活著嗎？」，並透露已經通報動保處。', 1, '2023-07-11 10:01:20', '2023-07-11 10:02:20', 1),
(5, '擠到臉貼臉！受不了泰國「40度高溫」　一票貓排隊輪流躲冰箱納涼', '真的太熱了！泰國高溫逼近40度，連貓咪也受不了。近日飼主珍吉拉上傳了自家貓咪輪流塞進冰箱避暑的影片，牠們就算擠到臉貼臉，也依舊樂在其中，甚至還有許多貓在外面排隊等待解暑。\r\n\r\n從影片中可以看到，冰箱內塞滿了6隻貓，已經擠到貓咪都臉頰貼臉頰了。然而，外面還有許多貓在排隊，並享受它送出來的冷風，一到交換時間，排隊的貓咪便迫不及待的進去，原先的貓咪也只能依依不捨地爬出來。\r\n\r\n寵物主人珍吉拉表示，儘管家中已有電扇協助降溫，但貓咪似乎還想更加涼快，才會紛紛地塞進冰箱。不過由於它空間有限，一次只能塞進6隻，因此貓咪們需要排隊，以確保每隻貓都有納涼的機會。\r\n', '真的太熱了！泰國高溫逼近40度，連貓咪也受不了。近日飼主珍吉拉上傳了自家貓咪輪流塞進冰箱避暑的影片，牠們就算擠到臉貼臉，也依舊樂在其中，甚至還有許多貓在外面排隊等待解暑。', 1, '2023-07-11 10:05:47', '2023-07-11 10:05:47', 1),
(6, '[修改test]雪橇犬去出美容院後「換了品種」　霸氣外貌➝阿拉斯加驢', '[修改test]天氣越來越熱，很多飼主都會帶毛小孩去剃毛。大陸有一隻阿拉斯加雪橇犬原本毛髮蓬鬆，被主人帶去美容院剃毛後，完全變了一隻狗，光禿禿的牠失去了雪橇犬天生擁有的霸氣，甚至還被網友笑稱是「阿拉斯加驢」。\r\n\r\n抖音帳號「小郭福氣多」分享了這段有趣的影片，畫面中，只見一隻阿拉斯加雪橇犬在美容院剃毛，一開始威風凜凜站在桌子上，下一秒竟然被剃成禿頭，到最後甚至變了個樣，地下全是厚實的毛，但狗狗從一而終都是笑面迎人，看來對牠而言沒什麼影響，反而輕鬆了很多。\r\n\r\n沒有毛的阿拉斯加雪橇犬五官被放大比例，只見牠一對大耳朵非常明顯，露出光禿禿的皮膚，搖身一變，前後的差異讓汪汪直接變成其他品種的狗狗。\r\n\r\n影片下方網友紛紛留言回應，「人靠衣裝、狗靠毛」、「在路上看見，我會問：這是什麼品種。」、「第一次見剃頭套的，你是一點面子都不給孩子留。」、「還是開空調吧，這電費我還花得起，這個醜我真是承受不住」、「我不行了好好笑」。\r\n\r\n不過，到底毛孩是否需要剃毛？慈愛動物醫院東森廣場分院院長朱道南提醒，若是毛剃太短就少了防曬防水屏障，容易產生皮膚問題，因此注意不要剃得太短。\r\n', '[修改test]天氣越來越熱，很多飼主都會帶毛小孩去剃毛。大陸有一隻阿拉斯加雪橇犬原本毛髮蓬鬆，被主人帶去美容院剃毛後，完全變了一隻狗，光禿禿的牠失去了雪橇犬天生擁有的霸氣，甚至還被網友笑稱是「阿拉斯加驢」。', 1, '2023-07-11 10:05:47', '2023-07-11 10:06:47', 1),
(7, '「圓仔」10歲生日成長回顧片曝　手滑推倒特製101蛋糕萌翻粉絲', '7月6日是臺北市立動物園大貓熊「圓仔」的生日，動物園也為牠盛大舉辦了一場生日慶祝活動。影片可見，貓熊館放出了生日快樂歌，遊客都在玻璃窗外等待圓仔，而圓仔看到特製的生日蛋糕後，先是湊近聞了聞，結果不小心手滑把蛋糕推倒，還露出驚恐的小表情，趕緊撿起地上的蛋糕吃，可愛模樣萌翻現場遊客。\r\n\r\n動物園日前還擔心圓仔的狀態，因為牠生日正值年度假孕期，食慾、糞便量和活動量都降低，但牠今天的狀態看起來不錯，上午有品嚐保育員用心製作的生日蛋糕，動物園同時也邀請了和圓仔同年出生的「黑白好友」黑猩猩及白頸狐猴一起共享蛋糕。生日蛋糕是保育員專門為圓仔精心設計的，除了是消暑又美味的食物，在造型上也充分的展現圓仔代言臺北生態城市的溫馨。動物園也準備了專屬的回顧影片在Facebook粉絲專頁同步直播，並且邀請大家在臉書分享10年來到動物園與大貓熊圓仔一起成長的經歷與故事。\r\n\r\n臺北市立動物園園長諶亦聰表示，「圓仔」10歲生日對動物園而言，不只有大貓熊的生日，圓仔的誕生對動物園，以及所有專業團隊都有著相當大的鼓舞。大貓熊的繁殖技術一直都面臨三大難題「發情難、配種受孕難、育幼成活難」，大貓熊「團團」和「圓圓」經多6年來多次人工授精，才成功產下「圓仔」。\r\n\r\n圓仔的10歲生日不僅僅是生日慶典，牠的誕生更是動物園的一個成果，園方長期在大貓熊照養、醫療等專業技術精進的里程碑。在2014年1月，圓仔首度擔任野生動物「保育大使」圈粉無數，為頻臨絕種的動物發聲，並且帶動無數以大貓熊圖像的文創內容產業發展。\r\n', '7月6日是臺北市立動物園大貓熊「圓仔」的生日，動物園也為牠盛大舉辦了一場生日慶祝活動。影片可見，貓熊館放出了生日快樂歌，遊客都在玻璃窗外等待圓仔，而圓仔看到特製的生日蛋糕後，先是湊近聞了聞，結果不小心手滑把蛋糕推倒，還露出驚恐的小表情，趕緊撿起地上的蛋糕吃，可愛模樣萌翻現場遊客。', 1, '2023-07-11 10:08:11', '2023-07-11 10:08:11', 1),
(8, '鯨屍沖上岸！科學家解剖追死因　挖出怪石「價值近1700萬」', '一具抹香鯨遺體被沖上西班牙拉帕爾馬島（La Palma）的海灘，科學家試圖釐清其死因，於是進行解剖，未料挖出一顆樣貌奇怪、飄著香氣的「石頭」，竟是罕見的龍涎香，價值估計達到50萬歐元（約新台幣1700萬元）。\r\n\r\n拉帕爾馬大學教授羅德里格斯（Antonio Fernández Rodríguez）曾解剖過逾千頭鯨魚，儘管海浪及漲潮使得屍檢難度大幅提升，仍堅決找到鯨魚死因。他一開始就懷疑可能與消化問題有關，之後果然在鯨魚腸道發現一顆直徑約50、60公分，重量9.5公斤的龍涎香，推測龍涎香引發敗血症，導致鯨魚死亡。\r\n\r\n研究團隊希望出售龍涎香，並將巨額收益用以資助2021年當地火山爆發的受災戶，因此目前正在積極尋找買家。不過，美國、澳洲及印度已經立法禁止捕獵及剝削鯨魚，因此也不得進行龍涎香貿易。\r\n\r\n衛報報導，龍涎香是一種灰黑色的臘狀可燃物質，具有獨特的木質香味，主要用於香水製作，由於非常珍稀，因此價格高昂，還被形容為「漂浮的黃金」（floating gold）。\r\n\r\n抹香鯨吃下大量烏賊墨魚，大多數無法完全消化，而會嘔吐出來，但經年累月後，部分殘留物會在腸道內形成龍涎香，有時候能夠排出，也因此較常被發現漂浮在海裡，但有時候會越來越大，最終撕裂腸道，導致鯨魚死亡。拉帕爾馬的這頭鯨魚顯然也經歷相同的命運。', '一具抹香鯨遺體被沖上西班牙拉帕爾馬島（La Palma）的海灘，科學家試圖釐清其死因，於是進行解剖，未料挖出一顆樣貌奇怪、飄著香氣的「石頭」，竟是罕見的龍涎香，價值估計達到50萬歐元（約新台幣1700萬元）。', 1, '2023-07-11 10:08:11', '2023-07-11 10:09:11', 1),
(9, '老婦抱紙箱進警局求救　暖警一看「秒掏腰包送醫」：逃離了鬼門關', '謝謝好心人救援！基隆市一名老婦人日前抱著紙箱走進警局，臉上表情十分凝重，警員見狀馬上向前詢問。沒想到，竟才發現箱子裡裝著一隻虛弱貓咪，幾乎奄奄一息，警員趕緊自掏腰包帶小貓送醫，救了一條小生命。\r\n\r\n基隆市警察局第二分局和一路派出所表示，警員潘禹叡7月1日上午值勤時，見一名老婦神色凝重地走進派出所，她表示在路旁拾獲一隻幼貓，貓咪不斷哀號，看似身體虛弱、奄奄一息，才會請求警方救援。潘員立即查看，發現小貓躺在紙箱內，身體四周有蒼蠅圍繞，且身上疑似有蒼蠅幼蟲的白卵，讓牠痛得不斷哀號，小命隨時都可能不保。\r\n\r\n基隆市警察局第二分局和一路派出所提到，潘員見貓咪不斷掙扎，感到十分不忍心，但手邊又沒有專業救護工具，為了避免發生危險，他突然想到同分局安瀾橋派出所同事中也有許多愛貓人士，立即與該所所長廖彥綾及警員石郁彣共組「貓咪救援小隊」。事後潘警自掏腰包，先行將貓咪送往民間寵物診所，經院方初步投藥餵食，小貓逐漸有精神，也逃離了鬼門關，將送往寵物醫院做進一步治療。\r\n\r\n基隆市警察局第二分局和一路派出所呼籲，生命生而平等，民眾拾獲相關類似動物，請先行通知相關單位，或撥打1999市民熱線協助轉介相關單位，才能加速救護效能，避免動物喪命的情況發生。', '謝謝好心人救援！基隆市一名老婦人日前抱著紙箱走進警局，臉上表情十分凝重，警員見狀馬上向前詢問。沒想到，竟才發現箱子裡裝著一隻虛弱貓咪，幾乎奄奄一息，警員趕緊自掏腰包帶小貓送醫，救了一條小生命。', 1, '2023-07-11 10:10:55', '2023-07-11 10:10:55', 1),
(10, '受困黏鼠板！八哥全身塗麵粉「裹成鹽酥雞」　洗完澡後撞臉酷企鵝', '還好平安無事了！花蓮縣新城鄉一名民眾為了除鼠，6月23日在住家門口放了一塊黏鼠板，沒想到隔天發現板子上黏到一隻「八哥」，決定出手救援。有趣的是，民眾順利幫助八哥脫困後，替牠裹上麵粉準備沖洗身體，乍看之下宛如要下油鍋的「鹽酥雞」，畫面曝光笑噴千人。\r\n\r\n透過照片可以看見，八哥全身裹滿了麵粉，好不容易沖洗乾淨身體，使用衛生紙吸乾毛髮，過程中牠都十分乖巧，只是露出「酷企鵝」氣噗噗神情，模樣有些可愛。網友粿粉爸接受《ETtoday寵物雲》採訪時表示，該隻八哥約受困黏鼠板2～3小時，他6月24日中午發現後，馬上把牠移置陰涼處給水，「再用沙啦油脫脂，粿粉後沖洗，最後用衛生紙包裹。」\r\n\r\n友人梁小姐將照片分享到臉書，網友看完後紛紛留言，「還以為真的要下鍋炸了」、「乍看之下，超像裹炸雞粉的鹽酥雞」、「最後一張以為酷企鵝」、「雖然是外來種，但謝謝你救了牠」、「可以跟藍鵲相比的眼神」、「好可憐，希望小八可以完全恢復好！」、「建議帶去給獸醫清殘膠再收編」。\r\n\r\n事後粿粉爸透露，弟弟幫八哥清理完身體後，把鳥兒置放在燈泡下方，結果牠馬上就睡著，「可能掙扎累了，感覺牠很想活下去！」後來八哥試飛時跌跌撞撞，可能因為清理羽毛時有脫毛，還兇巴巴地咬人，「目前就是讓牠養好羽毛，再試著野放。」\r\n', '還好平安無事了！花蓮縣新城鄉一名民眾為了除鼠，6月23日在住家門口放了一塊黏鼠板，沒想到隔天發現板子上黏到一隻「八哥」，決定出手救援。有趣的是，民眾順利幫助八哥脫困後，替牠裹上麵粉準備沖洗身體，乍看之下宛如要下油鍋的「鹽酥雞」，畫面曝光笑噴千人。', 1, '2023-07-11 10:10:55', '2023-07-11 10:11:55', 1),
(11, '派出所陽台深夜傳「微弱喵喵聲」　警民聯手救回受困喵星人', '梁姓女子住在中興分局永清派出所正後方透天厝民宅，其飼養的愛貓日前突然縱身跳向派出所陽台後失蹤，心急如焚的梁女趕緊漏夜報警求助，警方陪同梁女到陽台上仔細尋找，果然發現嚇得喵嗚喵嗚哀叫的小貓，讓牠重回主人懷抱。\r\n\r\n中興警分局指出，日前凌晨接獲梁女報案，表示其愛貓是由其住處後方鐵皮屋跳至永清派出所二樓後方陽台，但是當天下午尋找未果，導致小貓從下午到半夜均未進食；她在凌晨夜深人靜時聽到微弱貓叫聲，才確定貓咪仍躲藏在派出所後方陽台，因無法自行將小貓救出，只好打110請求警方協助。\r\n\r\n警方獲報後，由女警莊雅萍陪同梁女到派出所2樓查看，根據微弱貓叫聲尋找，最後終在2樓後方陽台尋獲離家出走之貓咪；梁女擔心貓咪緊張逃竄，趕緊繫上頸鍊並帶返回家，並對員警的熱心協助深表感謝。\r\n\r\n中興分局長候興龍呼籲，民眾多將寵物當成自己的家人般愛護，一旦走失了就如同自己小孩失蹤般焦急，建議飼主可幫貓狗植入晶片，或在其他動物身上配掛腳環或掛牌，提供身分辨識，既是保護也是愛護寵物的最好表現。\r\n', '梁姓女子住在中興分局永清派出所正後方透天厝民宅，其飼養的愛貓日前突然縱身跳向派出所陽台後失蹤，心急如焚的梁女趕緊漏夜報警求助，警方陪同梁女到陽台上仔細尋找，果然發現嚇得喵嗚喵嗚哀叫的小貓，讓牠重回主人懷抱。', 2, '2023-07-11 10:14:14', '2023-07-11 10:14:14', 1),
(12, '萬里大冠鷲脫水無力路倒　新北動保處祭出猛禽救難三寶', '新北市政府動保處日前接獲警方通報，民眾在萬里區發現一隻大鳥倒臥，翅膀下垂無法飛起，動保員獲報後前往現場，確認鳥類就是大冠鷲，動保員隨即拿出猛禽救難三寶「眼罩、長手套、大毛巾」，將牠帶回動保處三芝醫療站，經為大冠鷲進行檢傷結果顯示，無法正常飛翔，是因長期營養不良及脫水導致，經妥善照顧並補充熱量，休養二週後，評估大冠鷲已恢復健康，進行野放回歸大自然。\r\n\r\n金山警分局野柳派出所警官蔡興展表示，民眾發現這隻倒臥路旁的大冠鷲，靠近觀察這隻大鳥雖不能飛，但尚有生命跡象且能緩慢活動，擔心附近民眾靠近後不小心遭到利爪抓傷，於是趕緊致電通報動保處前來協助救援。\r\n\r\n動保員李國良說，北海岸山區是大冠鷲的棲息地，因此經常接獲民眾通報，有大型猛禽需要傷病救援；動保處管制車備有猛禽救難三寶包，他本身先戴上防啄長手套，再以大毛巾小心翼翼全身包裏住大冠鷲，最後將牠戴上猛禽專用眼罩，安全順利將牠帶回醫療。\r\n\r\n動保處三芝醫療站謝弘斌站長說，經仔細檢傷結果，大冠鷲主要是長時間饑餓營養不良，導致肌肉無力，再加上脫水嚴重，因此無法正常飛行，必須提供食物並補充水份電解質等醫療照護。\r\n\r\n謝弘斌表示，大冠鷲是台灣常見的中大型肉食性猛禽，救傷過程中必須要幫牠們戴上眼罩，也就是俗稱的鷹帽，鳥類戴上眼罩之後，能降低傷害力，面對外界突然靠近動作就不會緊張，有效降低自衛攻擊行為。\r\n\r\n謝弘斌說，大冠鷲主要以蛇、鼠類與蜥蜴爬蟲類等為食，屬鷹科蛇鵰屬，喜歡在森林近水邊的樹冠上築巢，身長約55至75公分，翼展約150至170公分，成鳥背面和後頸為黑褐色，胸部、腹部和翼下為淡褐色，胸腹有白色斑點，停棲時可見明顯冠羽。\r\n\r\n動保處長楊淑方呼籲，民眾若發現鳥類或野生動物受傷，可立即通報動保處專線：02-2959-6353報案，動保處24小時不打烊，負責拯救受傷、受困動物，並給予適當收容安置及醫療照護，期許市民共同愛護動物，為提昇動物福利盡份心力，展現新北市友善動物之城的最美風景。\r\n', '新北市政府動保處日前接獲警方通報，民眾在萬里區發現一隻大鳥倒臥，翅膀下垂無法飛起，動保員獲報後前往現場，確認鳥類就是大冠鷲，動保員隨即拿出猛禽救難三寶「眼罩、長手套、大毛巾」，將牠帶回動保處三芝醫療站，經為大冠鷲進行檢傷結果顯示，無法正常飛翔，是因長期營養不良及脫水導致，經妥善照顧並補充熱量，休養二週後，評估大冠鷲已恢復健康，進行野放回歸大自然。', 2, '2023-07-11 10:14:14', '2023-07-11 10:15:14', 1),
(13, '獨／台灣黑熊現身中橫公路　民眾拍下穿越峭壁身影', '中橫公路台8線便道10日下午發現熊蹤，民眾在中橫便道內等待車隊時，赫然發現大甲溪對面有一黑影在移動，仔細一看是一隻成年的台灣大黑熊在峭壁上移動，立即拿起手機拍下牠身手矯健的穿越峭壁，一直往下移動消失在樹林中。\r\n\r\n今(10)日下午約4時許，台8線中橫便道內，有民眾直擊到一隻約有一百多公斤的黑熊出現在峭壁上，從樹叢中穿越崩塌山谷在穿梭到左側的樹林裡，因距離較遠影片中可以看到一團黑色身影，從右側的矮欉中往左下側移動，最後消失在樹叢中。\r\n\r\n台灣黑熊保育協會理事長黃美秀表示，在德基水庫北側附近都是台灣黑熊的活動範圍，這個夏季季節天氣炎熱會隨著地形到有水的地方喝水，希望民眾在遇見黑熊時應保持冷靜，牠不會主動攻擊，只要不驚動牠，慢慢退回避開繞道而行即可。\r\n', '中橫公路台8線便道10日下午發現熊蹤，民眾在中橫便道內等待車隊時，赫然發現大甲溪對面有一黑影在移動，仔細一看是一隻成年的台灣大黑熊在峭壁上移動，立即拿起手機拍下牠身手矯健的穿越峭壁，一直往下移動消失在樹林中。', 2, '2023-07-11 10:17:52', '2023-07-11 10:16:52', 1),
(14, '山區巧遇龜殼花剛吃飽　「肚子腫成S型」拍攝者笑：變食蛇龜了', '山區巧遇難得的畫面。一名網友日前到嘉義的山區觀察蛇類，意外巧遇一隻龜殼花幼蛇現身，有趣的是，這條龜殼花進食完畢，身體鼓鼓的呈現S型，推測出是剛吃另下一條蛇，連背上的花紋都變成愛心圖案，讓該名拍攝者笑說，「現在牠是食蛇龜！」\r\n\r\n拍攝者表示，自己因為興趣關係喜歡觀察蛇類，當天這隻龜殼花剛吃飽正準備找地方休息，無意間發現牠在角落爬行，從身體裡獵物的形狀，判別龜殼花應該是吞下了另一條蛇，身體的花紋被撐開，變成愛心的圖案，正準備找地方躲起來休息。\r\n\r\n至於為何能判斷出是吞下一條蛇，拍攝者解釋，因為如果是吞下好幾顆蛋，得每顆蛋都放斜的，這不太可能，「斜的和橫的蛋要在消化道移動，括約肌不會答應的，但如果是吞蛇，就會像這樣如同波峰波谷凸點互相錯開」，事後他也將照片貼到網路上分享。\r\n\r\n這張巧遇吃飽飯的龜殼花照片貼出，不少網友紛紛留言驚呼，「花紋推擠成了連續愛心圖案耶」、「看起來真的比較像是吞蛋」、「這種剛吃飽的不要惹牠」、「蛇吃蛇很少見，人吃人很常見」、「真的很難說龜殼花的食性，昨天看到的牠對馬陸有興趣」、「好酷的畫面，身體變一截一截的」、「長知識了」。', '山區巧遇難得的畫面。一名網友日前到嘉義的山區觀察蛇類，意外巧遇一隻龜殼花幼蛇現身，有趣的是，這條龜殼花進食完畢，身體鼓鼓的呈現S型，推測出是剛吃另下一條蛇，連背上的花紋都變成愛心圖案，讓該名拍攝者笑說，「現在牠是食蛇龜！」', 2, '2023-07-11 10:17:52', '2023-07-11 10:17:52', 1),
(15, '高溫33度！「陌生外出籠」懸掛門口曝曬　動保志工打開見心疼一幕', '不愛了也要好好替牠找下一個家。美國奧克拉荷馬人道協會7月1日PO文表示，志工在領養中心門口發現一個外出籠，打開看才發現居然是隻吉娃娃被棄養！當時的天氣最高溫可達攝氏33度，不知道狗狗在籠子裡忍受了多久，所幸被救出後身體狀況還算穩定，目前正由協會志工接手照顧。\r\n\r\n根據當地媒體報導，奧克拉荷馬人道協會(OK Humane)的志工發現吉娃娃被留在門口，籠子裡並沒有聯絡資訊，主人也不在現場，也不清楚牠到底在高溫下忍了多久，所幸狗狗身體並無大礙。照片中也可以看到，狗狗被關在黑色的籠子裡，懸掛在領養中心的門口，無助孤單的模樣讓人心疼。\r\n\r\n不過，由於當地爆發犬流感(Canine flu)導致有許多動物福利機構關閉，因此越來越多寵物被送到OK Humane，他們目前正盡力填補這段時期的空缺。然而OK Humane並非收容所，十分依賴社區和寄養家庭，「我們是一個寄養為基礎的組織，並沒有供動物住宿的收容設施，即使是我們領養中心的狗狗也是由寄養家庭接送，直到牠們被領養。」\r\n\r\n協會也在文中表示，他們會為救助的狗狗提供食物及醫療費用，但需要寄養家庭能提供狗狗生活的空間，直到牠們找到認養人，若有意願擔任寄養家庭的民眾，歡迎填寫表單註冊。\r\n', '不愛了也要好好替牠找下一個家。美國奧克拉荷馬人道協會7月1日PO文表示，志工在領養中心門口發現一個外出籠，打開看才發現居然是隻吉娃娃被棄養！當時的天氣最高溫可達攝氏33度，不知道狗狗在籠子裡忍受了多久，所幸被救出後身體狀況還算穩定，目前正由協會志工接手照顧。', 2, '2023-07-11 10:20:01', '2023-07-11 10:20:01', 1),
(16, '10隻貓咪找家中「牠見人就蹭籠子」　東森寵物岡山店周末辦送養會', '東森寵物高雄岡山店將於7月9日和15日舉辦為期兩天的認養會，聯合民間動保團體，致力為10隻以上的貓咪找尋屬於牠們永遠的家。這些可愛的貓咪年齡介於2個月到1歲之間，其中一隻引人注目的虎斑貓「小寶」，非常可愛且擁有溫和的個性。只要有人靠近牠的籠子，牠便會嬌嗲地喵喵叫並拱起身體上前磨蹭，這樣的撒嬌舉動常常讓店員們融化。\r\n\r\n認養會活動由東森寵物高雄岡山店與民間動保團體攜手合作，活動將於7月9日和7月15日下午1點30分至5點30分舉行，將有10隻以上的貓咪現場尋找新主人，牠們的年齡從2個月到1歲不等，都是經過愛心人士救援回來的孩子們。特別值得一提的是，當中的虎斑公貓「小寶」極為親人，喜歡撒嬌，每當有人接近牠的籠子，牠總會發出嬌嗲的喵喵聲，期盼能獲得更多的愛撫。連店員們都開心地笑說，牠是一位無敵的撒嬌鬼。\r\n\r\n動保團體也表示，近日他們接獲了民眾的通報，有5隻年齡約2個半月的小貓被人丟棄到文賢市場。當愛心人士趕到現場時，這些小貓卻意外地對人顯得親近，四處亂竄，並不害怕。這些小貓成功被愛心人士徒手救援並帶回安置，現在也將參與認養會，歡迎有意願領養貓咪的網友前來與牠們互動。\r\n\r\n店員表示，若當天成功媒合，將準備小禮包給新主人和貓咪，期待能給這些小浪貓帶來新的生活。東森寵物秉持著「毛孩就是家人」的理念，不僅提供高品質的商品和服務，也關注那些無家可歸的浪浪，將於7月9日和15日舉辦為期兩天的認養會，並與民間動保團體攜手合作，誠摯地邀請大家前來參加，為這些貓咪找到溫暖的家。\r\n', '東森寵物高雄岡山店將於7月9日和15日舉辦為期兩天的認養會，聯合民間動保團體，致力為10隻以上的貓咪找尋屬於牠們永遠的家。這些可愛的貓咪年齡介於2個月到1歲之間，其中一隻引人注目的虎斑貓「小寶」，非常可愛且擁有溫和的個性。只要有人靠近牠的籠子，牠便會嬌嗲地喵喵叫並拱起身體上前磨蹭，這樣的撒嬌舉動常常讓店員們融化。', 2, '2023-07-11 10:25:01', '2023-07-11 10:25:01', 1),
(17, '超可惡！剪34鴿羽毛斷腳丟橋下等死...狠男找到了　最高可罰215萬', '台中大里區內新橋墩下6日晚間有民眾發現有34隻鴿子遭棄置，殘忍的是，民眾發現這34隻鴿子都慘遭斷腳、翅膀也被剪斷，警方獲報後查出是詹姓男子所為，詹男辯稱是怕鴿子亂飛，讓鴿子習慣固定在該處生活，警方偵訊後將全案函送地檢署偵辦，至於鴿子斷腳部分，有待獸醫釐清是否人為造成。\r\n\r\n動保處表示，目前34隻鴿子全都被剪羽毛，其中有2隻被斷腳，動保處已經帶回全數安置。霧峰警分局協助動保處調查，這群鴿子係詹男之前送給朋友卻遭退還，因詹男現住在公寓，無處餵養，所以才找到河堤下方的空地餵養。\r\n\r\n詹男向警方供稱，剪羽毛的行為係避免鴿子亂飛，讓鴿子習慣固定在該處生活，等到幾個月新生羽毛後，不會返回原住處。至於斷腳部分，警方指出，還有待獸醫釐清是否人為造成。\r\n\r\n霧峰分局長陳祥麟也指出，故意傷害致動物肢體嚴重殘缺或重要器官功能喪失，依動物保護法第25條第1項第1款，可處2年以下有期徒刑或拘役，併科新台幣20萬元以上200萬元以下罰金，另飼主棄養動物行為，亦可依動物保護法第29條第1項第1款，最高處15萬元以下罰鍰，請民眾切勿以身試法。\r\n', '台中大里區內新橋墩下6日晚間有民眾發現有34隻鴿子遭棄置，殘忍的是，民眾發現這34隻鴿子都慘遭斷腳、翅膀也被剪斷，警方獲報後查出是詹姓男子所為，詹男辯稱是怕鴿子亂飛，讓鴿子習慣固定在該處生活，警方偵訊後將全案函送地檢署偵辦，至於鴿子斷腳部分，有待獸醫釐清是否人為造成。', 2, '2023-07-11 10:25:58', '2023-07-11 10:25:58', 1),
(18, '東森寵物台南新市中正送養會　6幼犬找新家還有萌貓咪', '東森寵物台南新市中正店將於7月8日和9日舉辦「浪愛不孤單」毛孩幸福認養會，此次與台灣璽旺國際愛護動物協會合作，讓大家有機會在現場與可愛的貓咪和狗狗互動，並幫助牠們找到屬於自己的幸福新家。\r\n\r\n東森寵物秉持著「毛孩就是家人」的理念，不僅提供貼心的服務，也積極協助毛孩們尋找適合的家庭，台南新市中正店8日和9日舉辦了認養活動，現場會有6隻狗狗和8隻貓咪等待有緣家庭，熱心的志工將協助大家和毛孩互動。店長小新提到，「我們會與有意認養的父母們進行深入的交流評估，協助毛孩找到屬於牠們的家庭，同時讓主人們更深入了解如何與寵物互動．此外我們也將在認養後的半年內進行追蹤與協助。」\r\n\r\n小新還提到，活動現場不僅有可愛的貓咪和狗狗，還有打卡送小禮物的活動，歡迎大家前來參觀，給這些毛孩們更多幸福的機會。台灣璽旺國際愛護動物協會是一個致力於動物保護的組織，他們的在毛孩救援照護與送養上提供更多的專業支援和關懷，和東森寵物一起為愛護動物盡一份心力，希望為更多生命帶來希望和幸福。\r\n', '東森寵物台南新市中正店將於7月8日和9日舉辦「浪愛不孤單」毛孩幸福認養會，此次與台灣璽旺國際愛護動物協會合作，讓大家有機會在現場與可愛的貓咪和狗狗互動，並幫助牠們找到屬於自己的幸福新家。', 2, '2023-07-11 10:30:58', '2023-07-11 10:28:58', 1),
(19, '農園躺巨肥龜殼花！見人瞬間「猛張血口」超驚悚　專家：遇到別打', '端午節前後是蛇類出沒的旺季，走在路上一定要小心。經常記錄台灣生態的黃小四，7日凌晨到南投縣國姓鄉北山村山區進行野外拍攝，意外遇見一條剛進食後在休息的「龜殼花」，只見牠肚子明顯鼓起，見到人後馬上張嘴做出警戒姿勢，罕見一幕全被鏡頭給拍下，引發熱議。\r\n\r\n黃小四7日在臉書PO出畫面，一條剛飽餐一頓的龜殼花正在農園裡休息，發現有人靠近後立即張開血盆大口，露出尖銳毒牙，長度甚至是頭部的好幾倍，相當震撼驚悚。\r\n\r\n黃小四介紹，龜殼花是一種中型的蛇類，最大全長可達150公分，頭呈銳三角形，眼後有一細長的黑褐色縱帶，頭頂部分則呈褐色且常有斑紋分布，身體黃棕色，有大型黑色斑塊，斑塊邊緣有黃色細紋，體背中央的斑塊常連成波浪狀，有明顯保護色作用。\r\n\r\n另外，龜殼花主要棲息於山區或開墾地附近，常在廢棄的房舍或農舍活動，在食性上，主要以蛙、蜥蜴、鳥和鼠類為食，不過晚上活動的龜殼花，屬於攻擊性極強的蛇類，再加上具有強烈的出血性毒，能致人於死，需小心因應。\r\n\r\n黃小四也提醒，龜殼花通常會在地面上活動，行走山區要特別注意，若有遇到也不必驚慌，保持一定距離並安靜離開，不需持棍棒攻擊。\r\n\r\n疾管署防疫醫師趙珮娟過去也曾指出，如不慎被蛇類咬傷，請牢記「五要五不」，五要「要視為毒蛇咬傷處理、要記毒蛇外觀特徵、要脫飾品，避免肢體腫脹、要包傷口上緣，減緩毒液擴散、要保持冷靜」並儘速就醫；五不為「不割開傷口、不用嘴吸出毒液，避免感染、不冰敷」，避免組織壞死、不飲酒或刺激性飲料，避免加速毒液作用、不延誤就醫，以免耽誤治療時機。', '端午節前後是蛇類出沒的旺季，走在路上一定要小心。經常記錄台灣生態的黃小四，7日凌晨到南投縣國姓鄉北山村山區進行野外拍攝，意外遇見一條剛進食後在休息的「龜殼花」，只見牠肚子明顯鼓起，見到人後馬上張嘴做出警戒姿勢，罕見一幕全被鏡頭給拍下，引發熱議。', 2, '2023-07-11 10:29:41', '2023-07-11 10:29:41', 1),
(20, '新竹湖口虎斑貓「整片燒燙傷」流血！男飼主稱：貓自己打翻熱水', '難道是茶茶事件翻版？！新竹縣湖口鄉日前傳出有隻虎斑貓「花花」疑似遭虐待，牠被滾燙熱水燙傷，整個大腿內側、肚子嚴重燒燙傷，整片流滿血。新竹市浪愛傳遞貓狗tnvr協會接獲通報後趕緊救貓，也向新竹縣家畜疾病防治所報案，目前貓咪花花已救出，正在醫院進行醫治，傷口也逐漸好轉。新竹縣家畜疾病防治所將依照違反動保法第五條規定，裁罰男飼主3千至1萬5罰款，並且列為黑名單，終身不能在收容所認養。\r\n\r\n「貓咪花花被領養9個月後，竟然變成這副德性！」新竹市浪愛傳遞貓狗tnvr協會理事長邵柏森表示，這隻貓是一對情侶所飼養，當時接到女方通知，才知道這隻貓咪受傷嚴重，而且整起事件疑似是「茶茶燒燙傷案件翻版」，經過女主人的投訴，懷疑貓咪可能是遭男主人用熱水攻擊，另隻橘白貓也趕緊救出由協會安置。\r\n\r\n經過新竹縣家畜疾病防治所調查與約談，該名男飼主聲稱自己沒有向貓咪潑撒熱水，是在煮水時，貓咪自己跑過去打翻。防治所也透露，這對情侶飼主沒有第一時間趕緊送醫，說是不知道貓有受傷，過了好多天才就醫。也因為貓咪一直以來有舔毛習慣，因此傷口被舔到皮膚破掉、肌肉裸露，狀況看起來更加嚴重。\r\n\r\n至於男飼主否認指控，說是貓自己打翻滾燙熱水說詞，邵柏森氣憤表示，「這爛理由說給我聽還真聽不進，煮滾的熱水已經非常高溫，動物並不會低能到自己跑跳去弄倒，貓是非常怕熱的動物，或許你女友會聽，但所有養貓的人聽到，都覺得很可笑又憤怒！」；也抨擊不當飼養與虐待動物案件頻繁，希望台灣政府能加重法律，「沒有一個人被抓進去關，都是罰錢就沒事，保護動物是社會安全網的第一道防線，現在虐待動物以後就虐待人類」。\r\n\r\n最後新竹縣家畜疾病防治所6月中已經調查完整起案件，後續會依照動保法第30-1條，第2項「過失傷害或使動物遭受傷害，而未達動物肢體嚴重殘缺、重要器官功能喪失或死亡」，向該名男飼主處以新臺幣三千元以上一萬五千元以下罰鍰，也依照動保法第33-1條，將他列為黑名單，終生不得飼養收容所內動物。\r\n\r\n目前貓貓「花花」與另隻橘白貓由新竹市浪愛傳遞貓狗tnvr協會安置，花花的身體已經恢復許多，肉肉已經長出來，傷口有好轉。可愛的牠還會向志工舔舔撒嬌，甚至會踏踏跟發出呼嚕聲，大家期盼小貓快點好起來，未來能有一個好人家來照顧。\r\n', '難道是茶茶事件翻版？！新竹縣湖口鄉日前傳出有隻虎斑貓「花花」疑似遭虐待，牠被滾燙熱水燙傷，整個大腿內側、肚子嚴重燒燙傷，整片流滿血。新竹市浪愛傳遞貓狗tnvr協會接獲通報後趕緊救貓，也向新竹縣家畜疾病防治所報案，目前貓咪花花已救出，正在醫院進行醫治，傷口也逐漸好轉。新竹縣家畜疾病防治所將依照違反動保法第五條規定，裁罰男飼主3千至1萬5罰款，並且列為黑名單，終身不能在收容所認養。', 2, '2023-07-11 10:39:41', '2023-07-11 10:30:41', 1),
(21, '毛五木寵物計畫', '白天是一家寵物友善餐廳，店狗任你擼，晚上則是餐酒館，店寵只有在特定時間才會出來巡禮，店家會適時讓店狗們休息，這點很加分！\r\n\r\n店內裝潢和氣氛佳，提供寵物餐，外面有一大塊草地可以跑跑。\r\n\r\n也有專屬的貓咪包廂，詳情可詢問店家。\r\n\r\n地址臺中市西區臺灣大道二段222號\r\n電話(04)2328-5222\r\n營業時間11:00~02:00', '白天是一家寵物友善餐廳，店狗任你擼，晚上則是餐酒館，店寵只有在特定時間才會出來巡禮，店家會適時讓店狗們休息，這點很加分！\r\n\r\n店內裝潢和氣氛佳，提供寵物餐，外面有一大塊草地可以跑跑。\r\n\r\n也有專屬的貓咪包廂，詳情可詢問店家。', 3, '2023-07-11 10:38:44', '2023-07-11 10:38:44', 1),
(22, '好果實好食咖啡', '好果實燈光明亮氣氛很好，非常適合帶毛小孩一起來拍照。\r\n\r\n後面有個小小的停車場，不論開車、騎車都很方便，因為離家近所以我很常帶狗狗來這邊用餐+看書，提供給人類的餐點選項多元，不論是輕食、義大利麵、燉飯、咖啡等，口味大多都還不錯。\r\n\r\n給毛孩的餐點相對之下就比較少，只有牛肉丸和雞肉丸可以選擇，但我家狗狗還是吃得很開心。\r\n\r\n附近有很大的健康公園可以帶狗狗去散步跑跑，適合週末休閒的午後。\r\n\r\n地址臺中市南區忠明南路1160號\r\n電話(04)2265-5535\r\n營業時間09:30–21:00 (週四公休)', '好果實燈光明亮氣氛很好，非常適合帶毛小孩一起來拍照。\r\n\r\n後面有個小小的停車場，不論開車、騎車都很方便，因為離家近所以我很常帶狗狗來這邊用餐+看書，提供給人類的餐點選項多元，不論是輕食、義大利麵、燉飯、咖啡等，口味大多都還不錯。\r\n\r\n給毛孩的餐點相對之下就比較少，只有牛肉丸和雞肉丸可以選擇，但我家狗狗還是吃得很開心。\r\n\r\n附近有很大的健康公園可以帶狗狗去散步跑跑，適合週末休閒的午後。', 3, '2023-07-11 10:48:44', '2023-07-11 10:48:44', 1),
(23, '米克斯寵物友善餐廳', '昨天朋友來玩\r\n因為有養狗狗\r\n所以我們找了寵物餐廳\r\n看到大家狂推\r\n米克斯寵物友善餐廳\r\n我們馬上訂位\r\n\r\n網路上說\r\n早期老闆是開熱狗堡小攤車\r\n後來變成店面\r\n老闆很有愛心\r\n餐點扣除成本全額幫助浪浪\r\n\r\n如果有養寵物\r\n可以帶狗狗貓貓過去\r\n老闆們十分親切\r\n有愛心\r\n\r\nP.S.\r\n店裡也有賣寵物零食\r\n朋友買了好幾包\r\n老闆手工烘烤\r\n吃起來更安心健康\r\n\r\n\r\n地址:嘉義市西區青年街164號\r\n電話:05-2366588\r\n營業時間:11:00-20：00', '昨天朋友來玩\r\n因為有養狗狗\r\n所以我們找了寵物餐廳\r\n看到大家狂推\r\n米克斯寵物友善餐廳\r\n我們馬上訂位', 3, '2023-07-11 10:42:47', '2023-07-11 10:50:47', 1),
(24, '浪浪別哭-台南中途之家+寵物餐廳', '浪浪別哭，最大的理念就是要幫毛小孩找家，希望讓更多流浪的毛小孩被看見、被認養! \r\n\r\n目前有三家: 台北店、台中店、台南店\r\n大家進去的時候要留意一下，不要讓貓狗跑出來了\r\n一進來就先看到奇老大站在桌上喵喵叫，好可愛!! 還有幾隻可愛的狗狗跑了出來，陸續店狗班班、拍拍、吐司，也出現了!\r\n\r\n店狗班班~ 也是浪浪別哭的元老班長!\r\n一樓是狗區/二樓是貓區，整體位子蠻多的耶~ 可以在訂位時告知想坐在哪一區\r\n\r\n\r\n浪浪別哭《領養需知》\r\n1.必須年滿25歲\r\n2.有穩定工作\r\n3.住雅/套房無法領養狗\r\n4.居住成員全數贊成養狗/貓，家訪時必須全員都在\r\n5.不接受養室外、陽台、車庫、放養或關籠飼養\r\n6.接受結紮（領養四個月以上的犬貓會由我方結紮完成後送養，四個月以下等時間到飼主須帶去結紮）\r\n7.出門必須上牽繩、養貓家中必須做防護\r\n8.領養後必須每個月主動回報近況，減輕我們追蹤上的壓力\r\n9.養狗必須「至少」每日遛狗一次\r\n10.領養會酌收領養費3000元補助費用，用於幫助救援下一隻浪浪\r\n\r\n地址臺南市中西區台南市忠義路二段83號\r\n電話062217250\r\n營業時間週一至週五 12:00-21:00 週六-週日 11:00-21:00', '浪浪別哭，最大的理念就是要幫毛小孩找家，希望讓更多流浪的毛小孩被看見、被認養! ', 3, '2023-07-11 10:52:47', '2023-07-11 10:52:47', 1),
(25, '台南浪浪中途餐廳-狗抵家', '台南浪浪中途餐廳-狗抵家\r\nFuriend是 Fur 與 Friend的結合， 我們希望大家來店裡能夠找到彼此的室友， 而這樣的契合我們把一部分交給緣份， 另一部分希望透過這間店來媒合， 為雙方找到最適恰的默契。\r\n\r\n店狗小豆、小花，還有一隻待認養的肉桂!!! 可以拿老闆準備好的零食餵他們，就ˋ會瞬間被狗狗包圍，超療癒!\r\n\r\n不定時的流浪犬領養\r\n菜單│有起司軟法、丹麥吐司、打拋豬飯、炒飯、拌麵、飲料等\r\n\r\n\r\n地址臺南市東區崇仁街53巷3號1樓\r\n電話用私訊預約\r\n營業時間12:00~18:00 周一至周三休', '台南浪浪中途餐廳-狗抵家\r\nFuriend是 Fur 與 Friend的結合， 我們希望大家來店裡能夠找到彼此的室友， 而這樣的契合我們把一部分交給緣份， 另一部分希望透過這間店來媒合， 為雙方找到最適恰的默契。', 3, '2023-07-11 10:46:56', '2023-07-11 10:53:56', 1),
(26, '台北寵物親子友善餐廳-兔兔日子', '台北寵物親子友善餐廳-兔兔日子 Tu\'s Day Cafe\r\n我們提供舒適的環境及自然友善的互動，使每位客人在這裡交流著生命中最美好的瞬間。\r\n\r\n這份感受，不僅來自空間、餐點、服務與兔同伴，更包含每位來自四面八方的兔客人，不論是大小朋友，毛寶貝或浪浪們，都在兔兔日子裡讓心放輕鬆。\r\n\r\n讓兔兔給您的生活加點藝術感、給味蕾來些新鮮感，讓輕食、甜點與飲料真正的融入對方生命，一起譜一桌歡樂圓舞曲！ \r\n\r\n\r\n地址臺北市內湖區內湖路一段387巷3弄7號\r\n電話02-2799-7311\r\n營業時間11:00~18:00', '台北寵物親子友善餐廳-兔兔日子 Tu\'s Day Cafe\n我們提供舒適的環境及自然友善的互動，使每位客人在這裡交流著生命中最美好的瞬間。', 3, '2023-07-11 10:56:56', '2023-07-11 10:56:56', 1),
(27, '台北寵物親子友善餐廳- 象園咖啡', '台北寵物親子友善餐廳- 象園咖啡\r\n老牌的寵物親子友善餐廳，位於碧湖公園旁，餐點有創意且美味。\r\n\r\n三面採光的環境用餐，舒服‼️\r\nSunny day‼️\r\n\r\n情侶友善‼️寵物友善‼️親子友善‼️爸媽友善‼️阿公阿嬤友善‼️‼️汽車族友善‼️機車族友善‼️大象友善‼️\r\n快來訂位用餐喔！\r\n📍食尚玩家必推美食😋\r\n📍家庭聚餐首選‼️\r\n📍最有誠意的生日禮‼️\r\n📍台北唯一湖景餐廳🍴\r\n📍慢活放鬆的好地方😌\r\n📍離捷運超近又附設停車場🅿️ ☝️暖心暖胃，象園給你☝️\r\n\r\n提供健康和新鮮的食材，不需要過度的烹調就能享受餐點的美味！全家大小都享受溫馨服務及美味料理！希望來店的客人都能享用美食帶來的幸福！ ✨EG Cafe內湖店✨位於台北市超舒服的碧湖旁，交通超方便，擁有超大舒適的空間，朋友家人聚餐最佳選擇，開車來的朋友們提供免費折抵用餐專屬車位，擁有室內戶外座位區，提供無障礙設施給輪椅和嬰兒推車方便進出，小朋友們提供戶外活動空間，可以盡情享受大自然與湖畔美景！離捷運站超近，是每天必來享用美食的好地方!\r\n\r\n美式家庭餐廳\r\n風靡鬆餅界的小象鬆餅‼️ 👀\r\n最舒適的聚餐環境和美味的餐點‼️\r\n.\r\n每天都好多朋友👬們來聚餐生日🎂和吃美味的餐點，還沒來的趕快來找我們聚餐喔😊！ 👉於生日的前後7天內來店內用餐，即贈送小象樂園布丁鬆餅🐘🐘🐘小象樂園一份。\r\n\r\n\r\n地址臺北市內湖區內湖路2段192號\r\n電話02-2792-6080\r\n營業時間11:00~21:00', '台北寵物親子友善餐廳- 象園咖啡\r\n老牌的寵物親子友善餐廳，位於碧湖公園旁，餐點有創意且美味。', 3, '2023-07-11 10:49:58', '2023-07-11 10:57:58', 1),
(28, '台北寵物親子友善餐廳-稻邸 D.House', '台北寵物親子友善餐廳-稻邸D.House\r\n在大稻程裡的一處老宅邸，D.House稻邸，我們是一間寵物友善餐廳\r\n舒適的空間、溫馨的氛圍、好吃餐點，邀請您體驗一場美好的用餐時光\r\n\r\n地址臺北市大同區迪化街一段244號\r\n電話02 2557 7980\r\n營業時間10:30~19:00 周一休', '台北寵物親子友善餐廳-稻邸D.House\r\n在大稻程裡的一處老宅邸，D.House稻邸，我們是一間寵物友善餐廳\r\n舒適的空間、溫馨的氛圍、好吃餐點，邀請您體驗一場美好的用餐時光', 3, '2023-07-11 10:59:58', '2023-07-11 10:58:58', 1),
(29, '台北寵物親子友善餐廳-HOUSE CAFE', '台北寵物親子友善餐廳-HOUSE CAFE\r\n結合寵物餐廳．寵物沙龍．及寵物住宿．提供多種服務的複合式餐飲空間\r\n這裡的餐點份量大又美味．價位上很平民．還有許多可愛的毛小孩陪伴著一起用餐。\r\n\r\n寵物親子友善餐廳餐點部份\r\n大人部分有早午餐／三明治／帕尼尼／義大利麵／小火鍋／點心／飲品等～\r\n毛小孩則是雞／羊／牛／魚皆可選擇．料理上皆以不油膩／健康為主．減少毛孩負擔也能吃的超飽\r\n（如果毛孩寶貝有什麼東西會過敏的．點餐前須先告知店員）\r\n\r\n地址臺北市中正區德惠街4號1樓\r\n電話02 2599 7058\r\n營業時間07:00~21:00', '台北寵物親子友善餐廳-HOUSE CAFE\r\n結合寵物餐廳．寵物沙龍．及寵物住宿．提供多種服務的複合式餐飲空間', 3, '2023-07-11 10:52:16', '2023-07-11 10:59:16', 1),
(30, '[0713]黑吉良食-寵物複合式專門店-台中寵物友善餐廳', '[j修改0713]黑吉良食-寵物複合式專門店-台中寵物友善餐廳\r\n結合寵物友善餐廳與寵物食品用品店的特色，在這邊我們除了販售簡餐咖啡以外，還有多款寵物生鮮食品＆特色用品選物，\r\n歡迎主人帶毛小孩一起來享受美好的用餐時光。\r\n\r\n地址臺中市北區興進路198號\r\n電話04 2233 0880\r\n營業時間11:00-19:00｜星期二五休息', '[j修改0713]黑吉良食-寵物複合式專門店-台中寵物友善餐廳\r\n結合寵物友善餐廳與寵物食品用品店的特色，在這邊我們除了販售簡餐咖啡以外，還有多款寵物生鮮食品＆特色用品選物，\r\n歡迎主人帶毛小孩一起來享受美好的用餐時光。', 3, '2023-07-11 11:02:16', '2023-07-11 11:02:16', 1),
(31, '123', '123', '123', 1, '0000-00-00 00:00:00', '2023-07-13 12:09:52', 1),
(32, '測試用新增', '測試用新增', '測試用新增', 0, '0000-00-00 00:00:00', '2023-07-13 13:49:59', 0),
(33, '類別新增', '類別新增', '類別新增', 0, '0000-00-00 00:00:00', '2023-07-13 14:05:00', 0),
(34, '類別新增測試', '類別新增測試', '類別新增測試', 0, '0000-00-00 00:00:00', '2023-07-13 14:10:30', 0),
(35, '453453', '453453453', '453453', 2, '0000-00-00 00:00:00', '2023-07-13 14:19:31', 1),
(36, '文章新增測試', '文章新增測試', '文章新增測試', 1, '0000-00-00 00:00:00', '2023-07-13 14:21:49', 0),
(37, '文章新增測試八物八', '文章新增測試八物八', '文章新增測試八物八', 3, '0000-00-00 00:00:00', '2023-07-13 14:23:59', 1),
(38, '圖片上傳測試', '圖片上傳測試', '圖片上傳測試', 1, '0000-00-00 00:00:00', '2023-07-13 17:29:32', 1),
(39, '圖片上傳測試02', '圖片上傳測試02', '圖片上傳測試02', 2, '0000-00-00 00:00:00', '2023-07-13 17:38:13', 1),
(40, '圖片上傳測試0333', '圖片上傳測試0333', '圖片上傳測試0333', 3, '0000-00-00 00:00:00', '2023-07-13 17:44:13', 1),
(41, '皺術回站', '皺術回站', '皺術回站', 3, '0000-00-00 00:00:00', '2023-07-13 17:53:03', 1),
(42, '終極圖片上傳測試', '終極圖片上傳測試', '終極圖片上傳測試', 2, '0000-00-00 00:00:00', '2023-07-13 17:57:21', 1),
(43, '新增文章test', '新增文章test', '新增文章test', 3, '0000-00-00 00:00:00', '2023-07-14 13:16:30', 1),
(44, '文章編輯器測試', '<p><span style=\"background-color:hsl(30, 75%, 60%);color:hsl(0, 0%, 100%);\">文章編輯器測試</span></p><p>&nbsp;</p><p>&nbsp;</p><p>&nbsp;</p><p>&nbsp;</p><p>&nbsp;</p>', '文章編輯器測試', 3, '0000-00-00 00:00:00', '2023-07-14 15:01:37', 1),
(45, '文章編輯器上傳測試2', '<p><span style=\"background-color:hsl(30, 75%, 60%);color:hsl(0, 0%, 100%);font-size:22px;\">文章編輯器上傳測試2</span></p><p><span style=\"background-color:hsl(0, 0%, 0%);color:hsl(0, 0%, 100%);\">文章編輯器上傳測試2</span></p><p><span style=\"color:hsl(180, 75%, 60%);font-size:12px;\">文章編輯器上傳測試2</span></p><ul class=\"todo-list\"><li style=\"margin-left:200px;\"><label class=\"todo-list__label\"><input type=\"checkbox\" disabled=\"disabled\" checked=\"checked\"><span class=\"todo-list__label__description\"><span style=\"background-color:hsl(0, 0%, 90%);\">文章編輯器上傳測試2</span></span></label></li></ul>', '文章編輯器上傳測試2', 2, '0000-00-00 00:00:00', '2023-07-14 15:08:30', 1),
(46, '有用', '<p><span style=\"background-color:hsl(30, 75%, 60%);\">有用</span></p><p><span style=\"background-color:hsl(30,75%,60%);font-size:20px;\">有用</span></p>', '有用', 2, '0000-00-00 00:00:00', '2023-07-14 15:45:23', 1),
(47, '測試改檔名後修改', '<p>測試改檔名後修改</p>', '測試改檔名後修改', 2, '0000-00-00 00:00:00', '2023-07-14 16:24:35', 1),
(48, '2', '', '', 0, '0000-00-00 00:00:00', '2023-07-14 16:34:44', 1),
(49, 'test2', '<p>test2</p>', 'test2', 3, '0000-00-00 00:00:00', '2023-07-14 16:35:09', 0),
(50, '153', '<p><span style=\"background-color:hsl(30, 75%, 60%);color:hsl(0, 0%, 100%);\">867864</span></p><p>&nbsp;</p><p><span style=\"background-color:hsl(30,75%,60%);color:hsl(0,0%,100%);font-size:20px;\">867864</span></p><p>&nbsp;</p>', '4563748', 2, '0000-00-00 00:00:00', '2023-07-14 16:58:56', 0);

-- --------------------------------------------------------

--
-- 資料表結構 `article_category`
--

CREATE TABLE `article_category` (
  `id` int(3) NOT NULL,
  `name` varchar(10) NOT NULL
) ENGINE=InnoDB DEFAULT CHARSET=utf8mb4 COLLATE=utf8mb4_unicode_ci;

--
-- 傾印資料表的資料 `article_category`
--

INSERT INTO `article_category` (`id`, `name`) VALUES
(1, '動物百科'),
(2, '動物保育救援'),
(3, '寵物餐廳');

-- --------------------------------------------------------

--
-- 資料表結構 `article_images`
--

CREATE TABLE `article_images` (
  `id` int(5) NOT NULL,
  `article_id` int(5) NOT NULL,
  `img` varchar(255) NOT NULL
) ENGINE=InnoDB DEFAULT CHARSET=utf8mb4 COLLATE=utf8mb4_unicode_ci;

--
-- 傾印資料表的資料 `article_images`
--

INSERT INTO `article_images` (`id`, `article_id`, `img`) VALUES
(1, 1, '1568.jpg'),
(2, 2, '02.jpg'),
(3, 3, '03.jpg'),
(4, 4, '04.jpg'),
(5, 5, '05.jpg'),
(6, 6, '4Yz2Ang.webp'),
(7, 7, '07.jpg'),
(8, 8, '08.jpg'),
(9, 9, '09.jpg'),
(10, 10, '10.jpg'),
(11, 11, '11.jpg'),
(12, 12, '12.jpg'),
(13, 13, '13.jpg'),
(14, 14, '14.jpg'),
(15, 15, '15.jpg'),
(16, 16, '16.jpg'),
(17, 17, '17.jpg'),
(18, 18, '18.jpg'),
(19, 19, '19.jpg'),
(20, 20, '20.jpg'),
(21, 21, '21.jpg'),
(22, 22, '22.jpg'),
(23, 23, '23.jpg'),
(24, 24, '24.jpg'),
(25, 25, '25.jpg'),
(26, 26, '26.jpg'),
(27, 27, '27.jpg'),
(28, 28, '28.jpg'),
(29, 29, '29.jpg'),
(30, 30, '30.jpg'),
(31, 39, '02156.jpg'),
(32, 32, '456.jpg'),
(33, 42, '4567856.jpg'),
(34, 43, '001.jpg.jpg'),
(35, 44, 'batmanQ.jpg'),
(36, 45, 'solar.jpg'),
(37, 46, 'ironman2.jpg'),
(38, 47, 'supermanQ.jpg'),
(39, 48, 'supermantest.jpg'),
(40, 49, 'supermantest.jpg'),
(41, 50, 'ironmantest.jpg');

-- --------------------------------------------------------

--
-- 資料表結構 `category`
--

CREATE TABLE `category` (
  `category_id` int(30) NOT NULL,
  `category_name` varchar(30) NOT NULL
) ENGINE=InnoDB DEFAULT CHARSET=utf8mb4 COLLATE=utf8mb4_general_ci;

--
-- 傾印資料表的資料 `category`
--

INSERT INTO `category` (`category_id`, `category_name`) VALUES
(1, '食'),
(2, '生活/玩具'),
(3, '貓砂'),
(4, '貓砂盆'),
(5, '美容'),
(6, '外出');

-- --------------------------------------------------------

--
-- 資料表結構 `coupon`
--

CREATE TABLE `coupon` (
  `coupon_id` int(11) UNSIGNED NOT NULL,
  `coupon_code` varchar(200) NOT NULL,
  `start_date` datetime NOT NULL,
  `end_date` datetime NOT NULL,
  `discount_type` varchar(30) NOT NULL,
  `discount_amount` int(30) UNSIGNED NOT NULL,
  `discount` float UNSIGNED NOT NULL,
  `usage_limit` int(30) UNSIGNED NOT NULL,
  `valid` tinyint(4) NOT NULL,
  `level` varchar(10) NOT NULL
) ENGINE=InnoDB DEFAULT CHARSET=utf8mb4 COLLATE=utf8mb4_general_ci;

--
-- 傾印資料表的資料 `coupon`
--

INSERT INTO `coupon` (`coupon_id`, `coupon_code`, `start_date`, `end_date`, `discount_type`, `discount_amount`, `discount`, `usage_limit`, `valid`, `level`) VALUES
(1, '100minus', '2023-07-05 00:00:00', '2023-07-14 00:00:00', 'minus', 100, 100, 1000, 1, '2'),
(2, '10%offcoupon', '2023-01-01 00:00:00', '2023-02-01 00:00:00', 'off', 500, 0.9, 100, 1, '1'),
(3, '15%offcoupon', '2023-01-15 00:00:00', '2023-02-15 00:00:00', 'off', 500, 0.85, 100, 1, '2'),
(4, '20%offcoupon', '2023-02-01 00:00:00', '2023-03-01 00:00:00', 'off', 500, 0.8, 100, 1, '3'),
(5, '25%offcoupon', '2023-02-15 00:00:00', '2023-03-15 00:00:00', 'off', 500, 0.75, 50, 1, '1'),
(6, '30%offcoupon', '2023-03-20 00:00:00', '2023-04-05 00:00:00', 'off', 500, 0.7, 50, 1, '2'),
(7, '35%offcoupon', '2023-04-12 00:00:00', '2023-05-06 00:00:00', 'off', 500, 0.65, 50, 1, '3'),
(8, '40%offcoupon', '2023-05-26 00:00:00', '2023-06-07 00:00:00', 'off', 500, 0.6, 50, 1, '1'),
(9, '45%offcoupon', '2023-06-12 00:00:00', '2023-07-08 00:00:00', 'off', 500, 0.55, 50, 1, '2'),
(10, '50%offcoupon', '2023-06-26 00:00:00', '2023-07-09 00:00:00', 'off', 500, 0.5, 50, 1, '3'),
(11, '56%offcoupon', '2023-07-09 00:00:00', '2023-08-10 00:00:00', 'off', 500, 0.44, 10, 1, '1'),
(12, '60%offcoupon', '2023-07-23 00:00:00', '2023-08-11 00:00:00', 'off', 1000, 0.4, 10, 1, '2'),
(13, '65%offcoupon', '2023-08-07 00:00:00', '2023-08-12 00:00:00', 'off', 1000, 0.35, 10, 1, '3'),
(14, '70%offcoupon', '2023-08-21 00:00:00', '2023-09-13 00:00:00', 'off', 1000, 0.3, 10, 1, '1'),
(15, '75%offcoupon', '2023-09-04 00:00:00', '2023-09-14 00:00:00', 'off', 1000, 0.25, 10, 1, '2'),
(16, '80%offcoupon', '2023-09-18 00:00:00', '2023-10-20 00:00:00', 'off', 1000, 0.2, 10, 1, '3'),
(17, '85%offcoupon', '2023-10-02 00:00:00', '2023-10-16 00:00:00', 'off', 1000, 0.15, 10, 1, '1'),
(18, 'minus100coupon', '2023-10-16 00:00:00', '2023-11-17 00:00:00', 'minus', 100, 100, 100, 1, '2'),
(19, 'minus200coupon', '2023-10-30 00:00:00', '2023-11-18 00:00:00', 'minus', 200, 200, 50, 1, '3'),
(20, 'minus300coupon', '2023-11-13 00:00:00', '2023-12-19 00:00:00', 'minus', 300, 300, 30, 1, '1'),
(21, 'minus400coupon', '2023-11-27 00:00:00', '2023-12-20 00:00:00', 'minus', 400, 400, 20, 1, '2'),
(22, 'minus500coupon', '2023-12-10 00:00:00', '2023-12-21 00:00:00', 'minus', 500, 500, 20, 1, '3'),
(23, 'minus600coupon', '2023-09-24 00:00:00', '2023-12-22 00:00:00', 'minus', 600, 600, 10, 1, '1'),
(24, 'minus700coupon', '2023-10-08 00:00:00', '2023-12-23 00:00:00', 'minus', 700, 700, 10, 1, '2'),
(25, 'minus800coupon', '2023-10-22 00:00:00', '2023-11-24 00:00:00', 'minus', 800, 800, 10, 1, '3'),
(26, 'minus900coupon', '2023-11-05 00:00:00', '2023-12-25 00:00:00', 'minus', 900, 900, 10, 1, '2'),
(27, '10%offcoupon', '2023-07-05 00:00:00', '2023-07-28 00:00:00', 'off', 1000, 0.9, 10, 1, '2'),
(28, '11%offcoupon', '2023-07-08 00:00:00', '2023-07-22 00:00:00', 'off', 500, 0.89, 10, 1, '1'),
(29, '1%offcoupon', '2023-07-06 00:00:00', '2023-07-13 00:00:00', 'off', 500, 0.99, 10, 1, '3'),
(30, '2000minus', '2023-07-28 00:00:00', '2023-07-29 00:00:00', 'minus', 2000, 2000, 5, 1, '3');

-- --------------------------------------------------------

--
-- 資料表結構 `memberlevels`
--

CREATE TABLE `memberlevels` (
  `level_id` int(30) NOT NULL,
  `level_name` varchar(30) NOT NULL,
  `description` varchar(100) NOT NULL,
  `created_at` datetime NOT NULL,
  `updated_at` datetime NOT NULL
) ENGINE=InnoDB DEFAULT CHARSET=utf8mb4 COLLATE=utf8mb4_general_ci;

--
-- 傾印資料表的資料 `memberlevels`
--

INSERT INTO `memberlevels` (`level_id`, `level_name`, `description`, `created_at`, `updated_at`) VALUES
(1, 'Level 1', '幼貓', '2023-07-12 13:11:06', '2023-07-12 13:11:06'),
(2, 'Level 2', '青年貓', '2023-07-12 13:11:06', '2023-07-12 13:11:06'),
(3, 'Level 3', '成貓', '2023-07-12 13:11:55', '2023-07-12 13:11:55');

-- --------------------------------------------------------

--
-- 資料表結構 `orders`
--

CREATE TABLE `orders` (
  `order_id` int(30) NOT NULL,
  `vendor_id` int(30) NOT NULL,
  `user_id` int(30) NOT NULL,
  `status_id` varchar(30) NOT NULL,
  `created_at` datetime NOT NULL,
  `total_amount` int(50) NOT NULL
) ENGINE=InnoDB DEFAULT CHARSET=utf8mb4 COLLATE=utf8mb4_general_ci;

--
-- 傾印資料表的資料 `orders`
--

INSERT INTO `orders` (`order_id`, `vendor_id`, `user_id`, `status_id`, `created_at`, `total_amount`) VALUES
(1, 80, 5, '4', '2023-05-17 00:49:50', 1430),
(2, 80, 8, '1', '2023-05-01 00:33:50', 480),
(3, 80, 25, '4', '2023-05-23 00:50:04', 393),
(4, 80, 18, '2', '2023-05-26 12:50:04', 1572),
(5, 80, 17, '1', '2023-05-28 07:32:27', 888),
(6, 80, 23, '4', '2023-05-28 15:45:27', 2436),
(7, 80, 15, '2', '2023-05-31 00:51:58', 9435),
(8, 80, 3, '2', '2023-05-31 12:30:58', 2376),
(9, 80, 48, '2', '2023-05-31 19:38:39', 1480),
(10, 80, 34, '3', '2023-06-02 02:52:39', 1368),
(11, 80, 12, '4', '2023-06-03 00:53:53', 405),
(12, 80, 29, '2', '2023-06-03 09:53:53', 4152),
(13, 80, 35, '4', '2023-06-04 00:54:20', 2440),
(14, 80, 25, '4', '2023-06-07 10:54:20', 86),
(15, 80, 23, '4', '2023-06-08 09:32:45', 840),
(16, 80, 52, '2', '2023-06-10 12:33:45', 442),
(17, 80, 37, '4', '2023-06-10 15:55:58', 936),
(18, 80, 26, '2', '2023-06-13 07:28:58', 869),
(19, 80, 34, '3', '2023-06-15 00:56:22', 1380),
(20, 80, 25, '2', '2023-06-18 02:56:22', 730),
(21, 80, 31, '4', '2023-06-18 05:26:17', 902),
(22, 80, 28, '4', '2023-07-01 08:33:30', 1463),
(23, 80, 16, '2', '2023-07-03 19:05:35', 4206),
(24, 80, 7, '2', '2023-07-06 02:09:10', 11765),
(25, 80, 10, '4', '2023-07-13 00:58:08', 843);

-- --------------------------------------------------------

--
-- 資料表結構 `order_details`
--

CREATE TABLE `order_details` (
  `order_detail_id` int(30) NOT NULL,
  `order_id` int(30) NOT NULL,
  `product_id` int(30) NOT NULL,
  `quantity` int(30) NOT NULL,
  `coupon_id` int(11) UNSIGNED NOT NULL
) ENGINE=InnoDB DEFAULT CHARSET=utf8mb4 COLLATE=utf8mb4_general_ci;

--
-- 傾印資料表的資料 `order_details`
--

INSERT INTO `order_details` (`order_detail_id`, `order_id`, `product_id`, `quantity`, `coupon_id`) VALUES
(1, 1, 65, 1, 1),
(2, 1, 54, 2, 1),
(3, 1, 22, 1, 1),
(4, 2, 18, 1, 22),
(5, 2, 33, 1, 22),
(6, 3, 68, 2, 5),
(7, 3, 4, 3, 5),
(8, 4, 2, 5, 4),
(9, 4, 22, 3, 4),
(10, 5, 7, 4, 5),
(11, 5, 31, 6, 5),
(12, 6, 22, 2, 6),
(13, 6, 29, 4, 6),
(14, 7, 3, 7, 7),
(15, 7, 19, 1, 7),
(16, 7, 77, 6, 7),
(17, 8, 5, 2, 8),
(18, 8, 78, 1, 8),
(19, 9, 10, 1, 9),
(20, 9, 45, 1, 9),
(21, 9, 35, 6, 9),
(22, 10, 57, 5, 20),
(23, 10, 60, 1, 20),
(24, 10, 65, 2, 20),
(25, 10, 67, 2, 20),
(26, 11, 13, 1, 17),
(27, 11, 15, 1, 17),
(28, 12, 23, 1, 15),
(29, 12, 26, 1, 15),
(30, 12, 47, 2, 15),
(31, 13, 2, 4, 19),
(32, 13, 44, 2, 19),
(33, 14, 4, 2, 2),
(34, 15, 15, 1, 6),
(35, 16, 3, 5, 7),
(36, 16, 32, 2, 7),
(37, 17, 18, 1, 8),
(38, 17, 19, 2, 8),
(39, 18, 24, 1, 9),
(40, 18, 27, 1, 9),
(41, 18, 29, 1, 9),
(42, 19, 37, 3, 10),
(43, 19, 42, 3, 10),
(44, 20, 45, 1, 11),
(45, 20, 25, 2, 11),
(46, 21, 28, 3, 12),
(47, 21, 14, 1, 12),
(48, 22, 18, 5, 13),
(49, 22, 33, 1, 13),
(50, 23, 46, 1, 3),
(51, 23, 52, 4, 3),
(52, 23, 58, 2, 3),
(53, 24, 1, 1, 19),
(54, 24, 18, 2, 19),
(55, 24, 84, 2, 19),
(56, 24, 7, 2, 19),
(57, 24, 47, 1, 19),
(58, 25, 4, 1, 1),
(59, 25, 20, 3, 1),
(60, 25, 30, 1, 1);

-- --------------------------------------------------------

--
-- 資料表結構 `order_status`
--

CREATE TABLE `order_status` (
  `status_id` int(3) NOT NULL,
  `status_name` varchar(30) NOT NULL
) ENGINE=InnoDB DEFAULT CHARSET=utf8mb4 COLLATE=utf8mb4_unicode_ci;

--
-- 傾印資料表的資料 `order_status`
--

INSERT INTO `order_status` (`status_id`, `status_name`) VALUES
(1, '待出貨'),
(2, '運送中'),
(3, '已完成'),
(4, '已取消');

-- --------------------------------------------------------

--
-- 資料表結構 `products`
--

CREATE TABLE `products` (
  `product_id` int(30) NOT NULL,
  `product_name` varchar(100) NOT NULL,
  `vendor_id` int(30) NOT NULL,
  `category_id` int(30) NOT NULL,
  `subcategory_id` int(30) DEFAULT NULL,
  `description` varchar(500) NOT NULL,
  `price` int(30) NOT NULL,
  `specialoffer` int(5) NOT NULL,
  `quantity` int(30) NOT NULL,
  `sold` int(5) NOT NULL,
  `image` varchar(50) NOT NULL,
  `created_at` datetime NOT NULL,
  `updated_at` datetime NOT NULL
) ENGINE=InnoDB DEFAULT CHARSET=utf8mb4 COLLATE=utf8mb4_unicode_ci;

--
-- 傾印資料表的資料 `products`
--

INSERT INTO `products` (`product_id`, `product_name`, `vendor_id`, `category_id`, `subcategory_id`, `description`, `price`, `specialoffer`, `quantity`, `sold`, `image`, `created_at`, `updated_at`) VALUES
(1, '貓用｜1種肉低敏無膠主食罐 82G', 80, 1, 1, '單一肉源，低敏主1首選\n\n簡化成分、嚴選優質1材，給貓咪真實營養！\n\n特別適合 ✔幼貓  ✔腸胃敏感貓', 45, 45, 10, 3, '怪獸部落＿貓用｜1種肉低敏無膠主食罐 82G.webp', '2023-04-20 15:24:00', '2023-04-26 15:24:00'),
(2, '貓用｜2種肉無膠主食罐 82G', 80, 1, 1, '多元營養，每日主1首選\n\n安心雞肉 × 世界優質1材\n\n• 98% 超高鮮肉含量\n• 0% 膠類 穀類 豆類', 45, 45, 55, 20, '怪獸部落＿貓用｜2種肉無膠主食罐 82G.webp', '2023-04-20 15:24:00', '2023-04-26 15:24:00'),
(3, '貓用｜寶寶無膠主食罐 82G', 80, 1, 1, '腸胃 × 免疫加強配方\n\n專為幼貓生理機能設計\n再也不怕軟便、流鼻水！\n\n✔幼貓   ✔孕母貓  ✔成貓營養加強\n', 48, 48, 30, 20, '怪獸部落＿貓用｜寶寶無膠主食罐 82G.webp', '2023-04-20 15:24:00', '2023-04-26 15:24:00'),
(4, '貓用｜野味無膠主食罐 82G', 80, 1, 1, '全球獨家口味，稀有1材入菜\n\n補充特別營養，滿足貓咪的獵人夢！\n\n• 優質雞肉＋專業養殖肉源\n• 純肉泥狀，開罐看不到蟲蟲！', 48, 48, 70, 44, '怪獸部落＿貓用｜野味無膠主食罐 82G.webp', '2023-04-20 15:24:00', '2023-04-26 15:24:00'),
(5, '貓用｜98%鮮肉主食糧 250G', 80, 1, 1, '市售唯一🥇98%最高肉含量乾主1\n\n✔挑嘴貓  ✔乾乾貓  ✔濕1家庭備品\n\n• 0% 穀類、豆類\n• <5% 碳水化合物\n• 72℃ 低溫慢烘，保留1材營養', 380, 380, 20, 15, '怪獸部落＿貓用｜98鮮肉主食糧 250G.jpg', '2023-04-20 15:24:00', '2023-04-26 15:24:00'),
(6, '貓用｜美國太空凍乾生肉糧 140G', 80, 1, 1, '全球首創！凍乾雙拼\n營養升級、美味加倍，打造嗜口性最高生1！\n\n• 98% 鮮肉含量，無穀低敏零香料\n• 北美在地1材 × 獨家冷凍乾燥製程\n\n✔挑嘴貓  ✔腸胃敏感貓  ✔濕1家庭備品', 460, 430, 10, 3, '怪獸部落＿貓用｜美國太空凍乾生肉糧 140G.webp', '2023-04-20 15:24:00', '2023-04-26 15:24:00'),
(7, '無膠鮮肉煲 80G', 80, 1, 1, '熱銷破百萬罐！犬貓補水神器\n無膠無穀，100% 純肉鮮湯罐\n濃郁高湯＋鮮嫩肉塊\n讓小怪獸大口喝湯吃肉！', 26, 24, 6, 2, '怪獸部落＿無膠鮮肉煲 80G.webp', '2023-04-26 15:24:00', '2023-04-29 15:24:00'),
(8, '佛跳牆 澎湃美味四喜罐 80G', 80, 1, 1, '🔥 史上最多料的罐罐！🔥\n\n● 四種好料總匯，多層美味一次滿足\n● 無膠無穀無香料，好吃也不怕挑嘴', 35, 29, 75, 42, '怪獸部落＿佛跳牆 澎湃美味四喜罐 80G.webp', '2023-04-26 15:24:00', '2023-04-29 15:24:00'),
(9, '成幼貓 雞&三種魚(營養化毛配方) 2公斤(貓飼料)', 80, 1, 2, '商品特色\n\n5種天然蔬果\n7種綜合益生菌 & 8種綜合酵素\n0%無易敏穀類\n蝦紅素: 超級抗氧化劑添加', 570, 450, 46, 45, '成幼貓 雞&三種魚(營養化毛配方) 2公斤(貓飼料).jpg', '2023-04-26 15:24:00', '2023-04-29 15:24:00'),
(10, '經典系列成幼貓 化毛高纖 (雞肉+米) 7公斤 (貓飼料)', 80, 1, 2, '商品特色\n\n添加適量纖維素幫助化毛球和腸道蠕動\n必須氨基酸/牛磺酸幫助眼腦保健，全面發展\n腸益菌/益菌生整腸助消化，營養好吸收', 670, 463, 100, 23, '經典系列成幼貓 化毛高纖 (雞肉+米) 7公斤 (貓飼料).jpg', '2023-04-26 15:24:00', '2023-04-29 15:24:00'),
(11, '天然全能 泌尿保健成貓配方(雞肉) 400克 (貓飼料)', 80, 1, 2, '商品特色\n●針對有磷酸胺鎂結石病史之愛貓調整營養比例\n●幫助調整愛貓尿液酸鹼值，預防尿路結石產生\n●獨家新一代天然木寡糖益生元(XOS)，呵護腸胃道健康\n●高含量Ω6及Ω3不飽和脂肪酸，幫助美膚亮毛\n●添加左旋肉鹼，幫助愛貓維持肌肉含量', 600, 400, 30, 22, '天然全能 泌尿保健成貓配方(雞肉) 400克 (貓飼料).jpg', '2023-04-26 15:24:00', '2023-04-29 15:24:00'),
(12, '真野無穀 成貓配方(鱈魚+馬鈴薯+扁豆) 1.5公斤 (貓飼料)', 80, 1, 2, '商品特色\n\n●100%無穀鱈魚配方，幫助愛貓美膚亮毛\n\n●超過65%動物1材來源，滿足對肉類的本能需求和極度挑嘴的1慾\n\n●獨家添加甘露寡糖(MOS)和木寡糖(XOS)雙重益生元，加倍呵護敏感腸胃\n\n●富含必需脂肪酸鮭魚油，進一步調理愛貓膚質\n\n●特別添加天然螺旋藻，強化身體抵抗力', 500, 450, 20, 11, '真野無穀 成貓配方(鱈魚+馬鈴薯+扁豆) 1.5公斤 (貓飼料).jpg', '2023-04-26 15:24:00', '2023-04-29 15:24:00'),
(13, '貓糧 2號 森林燉雞 4公斤(貓飼料)', 80, 1, 2, '商品特色\n平衡腸胃機能、提升自然抵抗力\n排除廢毛、維持泌尿道健康', 1500, 1300, 50, 32, '貓糧 2號 森林燉雞 4公斤(貓飼料).jpg', '2023-04-26 15:24:00', '2023-04-29 15:24:00'),
(14, '貓98%鮮肉主食糧 800克 雞肉 (貓飼料)', 80, 1, 2, '商品特色:\n98%鮮肉含量(滿滿新鮮原肉塊)\n72度低溫慢烘(鎖住1材鮮味與營養)\n無穀類、豆類\n零香料、零防腐劑\n零人工添加物\n低碳水化合物<5%', 1100, 980, 20, 12, '怪獸部落＿貓98鮮肉主食糧 800克雞肉 (貓飼料).jpg', '2023-04-26 15:24:00', '2023-04-29 15:24:00'),
(15, 'Easy 成幼貓化毛配方 鮭魚+雞肉 8公斤 (貓飼料)', 80, 1, 2, '\n全新的 倍力 ESAY 成幼貓化毛配方(雞肉+鮭魚），全面提升1材品質，精選人用級新鮮雞肉及智利鮭魚提供最佳嗜口性，並添加複合性天然植物纖維，有效預防毛球的形成並排出。天然茄紅素及獨特植物多酚抵抗自由基，增強免疫力。', 1200, 1100, 20, 1, 'Easy 成幼貓化毛配方 鮭魚+雞肉 8公斤 (貓飼料).jpg', '2023-04-26 15:24:00', '2023-04-29 15:24:00'),
(16, 'Animate 無穀天然貓糧 原野雞鴨(成幼貓/腸胃舒敏配方)1.5公斤(貓飼料)', 80, 1, 2, '商品特色\n四大營養元素\n88 % 動物性蛋白質-高蛋白營養首選\n鮮肉凍乾噴灑技術：香氣、營養全面提升，原始肉香貓咪無法抗拒\n水解蛋白配方：幫助消化吸收，奠定成長發育基礎\n專利芽孢乳酸桿菌：舒敏益生菌，維持良好消化機能\n乳鐵蛋白添加：成長期必備營養素，為健康體質打底', 700, 650, 49, 2, 'Animate 無穀天然貓糧原野雞鴨1.5公斤(貓飼料).jpg', '2023-04-26 15:24:00', '2023-04-29 15:24:00'),
(17, 'S5成貓 雞肉鮭魚 5.4公斤 (貓飼料)', 80, 1, 2, 'S5 Nutram均衡健康成貓/老貓天然貓糧是一個採用草本概念。\n多元而富含營養配方的1譜，從裡到外改善你寵物的健康。\n我們的總體方針先從使用蔓越莓和芹菜種子組合來建立健康的膀胱。', 1350, 1280, 44, 20, 'S5成貓 雞肉鮭魚 5.4公斤 (貓飼料).jpg', '2023-04-26 15:24:00', '2023-04-29 15:24:00'),
(18, '舒敏成貓雞肉活力提升配方1.5公斤(貓飼料)', 80, 1, 2, '持續餵1本產品三週後，平均可減少47%貓毛及皮屑中的過敏原。\n添加益生菌，幫助維持消化道機能，提升免疫力。\n添加Omega 6 脂肪酸和維生素A，維持皮毛良好狀態。\n獨家專利配方，有助腎臟保健。\n添加抗氧化劑，有助提升免疫力。', 800, 590, 11, 10, '舒敏成貓雞肉活力提升配方1.5公斤(貓飼料).jpg', '2023-04-26 15:24:00', '2023-04-29 15:24:00'),
(19, '牛離Q 犬貓綜合營養補給 50G', 80, 1, 4, '牛磺酸＋離胺酸＋Q10\n\n日常綜合營養補給，一次保健心、眼、腦！\n\n✔貓咪流淚流鼻水   ✔小型犬心臟保養\n', 380, 380, 24, 14, '怪獸部落＿牛離Q 犬貓綜合營養補給 50G.webp', '2023-04-26 15:24:00', '2023-04-29 15:24:00'),
(20, '益菌排毛粉 犬貓腸胃健康補給 50G', 80, 1, 4, '一罐有300億隻益生菌的排毛粉！\n\n排毛同時護腸胃！健康機能UP UP\n\n✔貓咪吐毛   ✔犬貓便祕', 280, 280, 30, 23, '怪獸部落＿益菌排毛粉 犬貓腸胃健康補給 50G.webp', '2023-04-26 15:24:00', '2023-04-29 15:24:00'),
(21, '每日酵素 犬貓元氣活力補給 40G', 80, 1, 4, '營養吸收UP，小怪獸活力UP！\n\n6種日本天野酵素 + 黃金奇異果萃取物\n\n✔嘔吐  ✔放屁  ✔幼犬貓', 360, 360, 30, 30, '怪獸部落＿每日酵素 犬貓元氣活力補給 40G.webp', '2023-04-26 15:24:00', '2023-04-29 15:24:00'),
(22, '護膚魚油 犬貓皮膚保健配方 70顆', 80, 1, 4, '專為台灣潮濕氣候設計，穩定膚質必備！\n專利魚油＋卵磷脂＋鱉蛋\n✔換季敏感 ✔搔癢 ✔皮屑 ✔泛紅', 580, 580, 40, 12, '怪獸部落＿護膚魚油 犬貓皮膚保健配方 70顆.webp', '2023-04-26 15:24:00', '2023-04-29 15:24:00'),
(23, 'OK！元氣鐵（1.5G×30包）', 80, 1, 4, '💥鐵+B群！補足每日精氣神💥\n\n甘胺酸亞鐵＋酵母B群＋乳鐵蛋白\n補鐵補血補元氣，養成漂亮好氣色！\n\n✔鼻子、牙齦、肉球冰冷泛白\n✔體力不佳、容易疲倦或嗜睡\n✔手術、生產或經期前後', 380, 380, 22, 22, '怪獸部落＿OK！元氣鐵（1.5G×30包）.webp', '2023-04-26 15:24:00', '2023-04-29 15:24:00'),
(24, 'OK！益生菌（1.5G×30包）', 80, 1, 4, '💥65億！市售最高菌數💥\n益生菌＋益生元＋益源質\n史上最完整的益生菌\n讓腸胃保健，一包OK！\n✔保健腸胃  ✔提升免疫  ✔調理體質\n', 550, 550, 30, 12, '怪獸部落＿OK！益生菌（1.5G×30包）.webp', '2023-04-26 15:24:00', '2023-04-29 15:24:00'),
(25, 'OK！蔓越莓（1.5G×30包）', 80, 1, 4, '💥市售最全面的泌尿保健！💥\n泌尿×心情雙效配方\n抑菌 • 修復 • 排尿 • 紓壓\n生理心理雙管齊下，讓保養事半功倍！\n泌尿保健，一包OK！\n\n✔日常保健  ✔排尿不適  ✔壓力環境', 480, 480, 100, 14, '怪獸部落＿OK！蔓越莓（1.5G×30包）.webp', '2023-04-26 15:24:00', '2023-04-29 15:24:00'),
(26, '閃亮魚油 50ML', 80, 1, 4, '💥為犬貓量身打造──吃的護髮油！💥\n\n魚油＋特級初榨橄欖油＋沙棘果油＋藻紅素\n四合一配方，養成全場最「亮」的毛！\n\n✔乾燥粗糙\n✔長毛打結\n✔黯淡無光澤\n✔易斷裂掉毛', 450, 450, 44, 16, '怪獸部落＿閃亮魚油 50ML.webp', '2023-04-26 15:24:00', '2023-04-30 15:24:00'),
(27, 'OK！好心情（1.5G×30包）', 80, 1, 4, '💥首創三合一配方！💥\n胺基酸＋益生菌＋費洛蒙\n正向穩定情緒，搭車就醫不怕慌！\n✔外出準備：就醫、搭車移動\n✔環境變化：搬家、新成員加入\n✔長期緊迫：焦慮、攻擊行為', 450, 450, 55, 34, '怪獸部落＿OK！好心情（1.5G×30包）.webp', '2023-05-16 15:24:00', '2023-05-22 15:24:00'),
(28, 'OK！葉黃素（1.5G×30包）', 80, 1, 4, '葉黃素＋玉米黃素＋魚油＋玻尿酸\n高效四合一配方\n讓眼睛保健，一包OK！\n✔眼睛不適　✔中高齡或特定品種犬貓', 385, 385, 9, 1, '怪獸部落＿OK！葉黃素（1.5G×30包）.webp', '2023-05-16 15:24:00', '2023-05-22 15:24:00'),
(29, 'OK！軟骨素（1.5G×30包）', 80, 1, 4, '✨市售最強複方✨\n\n軟骨素＋葡萄糖胺＋UC-II＋膠原蛋白＋蛋白聚醣\n關鍵五大營養\n讓關節保健，一包OK！\n\n✔關節不適  ✔中高齡或特定品種犬貓', 580, 580, 30, 23, '怪獸部落＿OK！軟骨素（1.5G×30包）.webp', '2023-05-16 15:24:00', '2023-05-22 15:24:00'),
(30, 'LITÖ! 輕肉泥（10G×4條）', 80, 1, 3, '史上成分最單純的肉泥！\n好吃不用很複雜，輕鬆征服挑嘴貓！\n\n✔ 減磷減鈉，快樂加倍\n✔ 維他命機能PLUS\n✔ 無添加色素、誘1劑、防腐劑', 55, 45, 20, 14, '怪獸部落＿LITÖ! 輕肉泥（10G×4條）.webp', '2023-05-16 15:24:00', '2023-05-22 15:24:00'),
(31, '怪獸咔滋｜凍乾雞胸丁 50G', 80, 1, 3, '人氣熱銷TOP.1 🏆\n鬆軟好入口，幼老犬貓都適合', 180, 180, 20, 12, '怪獸部落＿怪獸咔滋｜凍乾雞胸丁 50G.webp', '2023-05-16 15:24:00', '2023-05-22 15:24:00'),
(32, '怪獸咔滋｜凍乾扇貝 25G', 80, 1, 3, '無貓不愛的頂級海味！\n清脆口感，咬下爆開濃郁鮮味！\n', 220, 220, 100, 34, '怪獸部落＿怪獸咔滋｜凍乾扇貝 25G.webp', '2023-05-16 15:24:00', '2023-05-22 15:24:00'),
(33, '怪獸咔滋｜凍乾魷魚鬆 25G', 80, 1, 3, '肉鬆狀超開胃，輕鬆征服挑嘴！\n\n耐嚼魷魚片變成鬆，小怪獸一口接一口\n✔拌入主1  ✔直接1用', 180, 180, 3, 1, '怪獸部落＿怪獸咔滋｜凍乾魷魚鬆 25G.webp', '2023-05-16 15:24:00', '2023-05-22 15:24:00'),
(34, '怪獸咔滋｜凍乾干貝小魚乾 25G', 80, 1, 3, '貓族首選🥇 海味雙拼！\n鮮味 × 甘味，兩種頂級海味一次滿足！', 240, 240, 40, 2, '怪獸部落＿怪獸咔滋｜凍乾干貝小魚乾 25G.webp', '2023-05-16 15:24:00', '2023-05-22 15:24:00'),
(35, '怪獸咔滋｜凍乾鮭魚鬆 25G', 80, 1, 3, '肉鬆狀超開胃，輕鬆征服挑嘴！\n\n富含Omega-3，保養心血管\n✔拌入主1  ✔直接1用', 220, 220, 100, 45, '怪獸部落＿怪獸咔滋｜凍乾鮭魚鬆 25G.webp', '2023-05-16 15:24:00', '2023-05-22 15:24:00'),
(36, '怪獸咔滋｜凍乾南瓜丁 25G', 80, 1, 3, '天然膳1纖維，幫助排毛排便！', 149, 149, 300, 256, '怪獸部落＿怪獸咔滋｜凍乾南瓜丁 25G.webp', '2023-05-16 15:24:00', '2023-05-22 15:24:00'),
(37, '怪獸咔滋｜凍乾牛肉片 40G', 80, 1, 3, '濃郁肉香，貓狗都愛！\n豐富鐵質，補血補元氣', 220, 220, 200, 23, '怪獸部落＿怪獸咔滋｜凍乾牛肉片 40G.webp', '2023-05-16 15:24:00', '2023-05-23 21:24:00'),
(38, '怪獸咔滋｜凍乾魷魚片 35G', 80, 1, 3, '愛咬咬貓咪必備！\n嚼勁十足的鮮甜海味，一吃就愛上！\n', 180, 180, 40, 15, '怪獸部落＿怪獸咔滋｜凍乾魷魚片 35G.webp', '2023-05-16 15:24:00', '2023-05-23 21:24:00'),
(39, '怪獸咔滋｜凍乾鬼頭刀魚柳 30G', 80, 1, 3, '貓咪最愛第一名！\n鬆軟細緻，一口接一口的鮮甜海味', 220, 220, 0, 0, '怪獸部落＿怪獸咔滋｜凍乾鬼頭刀魚柳 30G.webp', '2023-05-16 15:24:00', '2023-05-23 21:24:00'),
(40, '怪獸部落 罐頭保鮮蓋', 80, 2, 5, '✨100%台灣製 × 日本1品級矽膠✨\n\n不再為沒吃完的罐罐煩惱！\n✔ 完全密封，搖晃都不漏\n✔ 可放烘碗機、洗碗機\n✔ 市面全尺寸7通用', 39, 39, 30, 2, '怪獸部落罐頭保鮮蓋.webp', '2023-05-16 15:24:00', '2023-05-23 21:24:00'),
(41, '怪獸部落 防塵折疊碗', 80, 2, 5, '一蓋OK！🍔 小怪獸外出的必備好物！\n\n✔ 專用防塵蓋，隔絕髒污蚊蟲！\n✔ 矽膠折疊碗，輕便好攜帶！', 239, 239, 5, 3, '怪獸部落＿防塵折疊碗.webp', '2023-05-16 15:24:00', '2023-05-23 21:24:00'),
(42, '透涼感飲水器1.5L(2021)', 80, 2, 5, '商品特色\n持續過濾的水給予犬貓健康無汙染無毛髮的乾淨飲水。\n循環式飲水器的寬廣飲水盤提供犬貓一個他們覺得有趣的方式讓他們喜愛喝水。\n\nGEX循環式淨水飲水器獨特優點如下\n1.內附軟化水質的抗菌濾棉，可以喝到最乾淨的飲用水。\n2.跟同廠牌以前的型號相比，3.0版馬達更靜音\n3.專為犬貓不同的喝水方式設計的飲水盤讓寵物容易飲用。', 700, 650, 60, 45, '透涼感飲水器1.5L(2021).jpg', '2023-05-16 15:24:00', '2023-05-23 21:24:00'),
(43, '時尚寵物飲水器', 80, 2, 5, '時尚寵物飲水器，360°活氧循環水路\n深度過濾水如甘泉，流動的水富含氧離子\n三層循環過濾，全方位保障飲用安全\n不斷激發貓咪興趣和關注，有助於提升飲水量', 699, 580, 23, 11, '時尚寵物飲水器.webp', '2023-05-16 15:24:00', '2023-05-23 21:24:00'),
(44, '寵物貓狗懸掛式自動飲水餵食碗', 80, 2, 5, '順暢不卡糧，75°請斜坡道\n拒絕發潮發霉，長效鎖鮮\n凸點設計，穩固不傾斜', 1230, 699, 23, 11, '寵物貓狗懸掛式自動飲水餵食碗.webp', '2023-05-16 15:24:00', '2023-05-23 21:24:00'),
(45, '犬貓用 時尚優質陶瓷抗菌飲水器', 80, 2, 5, '分別為犬貓不同喝水方式設計\n穩重的飲水盤 不容易被翻玩\n容量適中適合飼養單隻寵物', 700, 699, 43, 11, '犬貓用 時尚優質陶瓷抗菌飲水器.webp', '2023-05-16 15:24:00', '2023-05-23 21:24:00'),
(46, 'meoof 膠囊自動餵食器 3L 單碗', 80, 2, 5, '• 設計不用再為了插座而煩惱\n• 3L大容量 (單隻貓約可1用15天)\n• 餵1器可定時定量出糧：1-6 次/天、1-50 份投餵份數\n• 不須連接手機或wifi，可避免斷網不出糧的風險\n• 拆裝簡單、清洗方便', 688, 800, 45, 26, 'meoof 膠囊自動餵食器 3L 單碗.jpg', '2023-05-16 15:24:00', '2023-05-23 21:24:00'),
(47, 'Petkit佩奇 不鏽鋼餵食器5L', 80, 2, 5, '• 智能遠端操控\n• 三重鎖鮮設計\n• 創新旋轉出糧\n• 語音互動提醒\n• 3041品級不鏽鋼\n• 充電式鋰電池\n• 全可拆洗結構', 7888, 9980, 11, 34, 'Petkit佩奇 不鏽鋼餵食器5L.jpg', '2023-05-16 15:24:00', '2023-05-23 21:24:00'),
(48, 'PETWANT APP智慧寵物自動餵食器F1-C-TW+寵物活水機W2-N白', 80, 2, 5, '• WIFI連接、APP遠端遙控\n• 1080P畫素、廣角魚眼攝影鏡頭\n• 夜視功能、雙向溝通、移動偵測、多人共享\n• IOS、Android系統手機皆有支援\n• 通過國家通訊傳播委員會(NCC)認證、符合低功率射頻電機技術規範、保護使用者的安全\n• 獨家渦流水流設計，將汙物帶離\n• 循環過濾水源，透過濾心軟化水質\n• 15度傾斜飲水弧面，符合力學\n• 24H運作，防乾燒運轉，低水位停止', 9980, 13800, 45, 43, 'PETWANT APP智慧寵物自動餵食器F1-C-TW+寵物活水機W2-N白.jpg', '2023-05-16 15:24:00', '2023-05-25 20:24:00'),
(49, 'PETWANT派旺 自動寵物餵食器 F11-L', 80, 2, 5, '• 密合升級，3重防護加強保鮮\n• 容量4.5L，出1口紅外線偵測提醒餵1狀況\n• 簡單操作餵1設定、10秒錄音功能\n• 可拆式8桶，0死角方便清洗\n• 可使用電源線、電池雙供電方式\n• 適用於直徑為0.5-1.5cm的乾性顆粒8\n• 斷電情況下自動保留原餵1設定程序', 4480, 14000, 46, 26, 'PETWANT派旺 自動寵物餵食器 F11-L.jpg', '2023-05-16 15:24:00', '2023-05-25 20:24:00'),
(50, 'PETWANT MINI寵物循環活水機 W3-N', 80, 2, 5, '• 飲水低高度設計，適合小型犬貓\n• 無線式抽水幫浦，清洗過程方便又簡單\n• 半透儲水箱設計，可直接看見內部水位\n• 湧泉式出水設計，瞬間沖刷帶離髒汙雜質\n• 24H運作，防乾燒運轉', 1990, 1990, 30, 7, 'PETWANT MINI寵物循環活水機 W3-N.jpg', '2023-05-16 15:24:00', '2023-05-25 20:24:00'),
(51, 'PETWANT甜甜圈六餐餵食器 F6-TW (環保版)-白色', 80, 2, 5, '• 防卡腳設計，安心不受傷\n• 一天5餐餵1時間、6格獨立餵1盤\n• 電源線/電池、雙供電設計\n• 自動鎖定按鍵\n• 低電量提醒功能', 990, 2990, 29, 5, 'PETWANT甜甜圈六餐餵食器 .jpg', '2023-05-16 15:24:00', '2023-05-25 20:24:00'),
(52, 'PETWANT甜甜圈六餐餵食器 F6-TW (環保版)-粉色', 80, 2, 5, '• 防卡腳設計，安心不受傷\n• 一天5餐餵1時間、7格獨立餵1盤\n• 電源線/電池、雙供電設計\n• 自動鎖定按鍵\n• 低電量提醒功能', 990, 2990, 30, 23, 'PETWANT甜甜圈六餐餵食器 .jpg', '2023-05-16 15:24:00', '2023-05-25 20:24:00'),
(53, 'HomeRun霍曼寵物自動餵食器(國際版)', 80, 2, 5, '• 可通過APP操作,遠程操控,加餐so easy\n• 智能秤重即時通報系統，精準控至愛寵的飲1量，精準回報剩餘8容量\n• 5L大容量可保鮮儲藏約2.5KG寵物乾糧\n• APP控制餐晚自動伸縮系統,衛生且安全\n• 智能防夾傷設計專利\n• 10秒快速拆洗極簡設計，快拆清洗避免8殘留死角\n• 斷電仍可維持正常出糧，不擔心意外寶貝餓肚子', 2490, 2990, 33, 12, 'HomeRun霍曼寵物自動餵食器(國際版).jpg', '2023-05-16 15:24:00', '2023-05-25 20:24:00'),
(54, '茨木草特級貓薄荷金大罐', 80, 2, 6, '每株貓只取4-6片嫩葉，烘乾後經手工揉碎過篩去除粗莖製成。\n舒緩貓咪情緒，排出毛球。', 350, 210, 55, 14, '茨木草特級貓薄荷金大罐.jpg', '2023-05-16 15:24:00', '2023-05-25 20:24:00'),
(55, '有機貓草去毛球小麥貓草', 80, 2, 6, '日本進口12，辦公室療癒小盆栽。 \n天然12幫助貓咪腸胃蠕動，減少毛球症。\n種植方式：\n1. 將種子泡水 7-8 小時後瀝乾。\n2. 平均撒在培養土上覆蓋一層土。\n3. 保持濕潤約 7-8 天即可收成。', 60, 50, 55, 12, '有機貓草去毛球小麥貓草.jpg', '2023-05-16 15:24:00', '2023-05-25 20:24:00'),
(56, '忘憂神仙草50ml', 80, 2, 6, '產地台灣，以友善農法，有機肥料種植\n僅摘取頂端嫩葉，過篩去粗莖梗，適口性極佳，為頂級貓薄荷\n獨特香氣能使貓咪情緒愉悅，進而舒解緊張情緒', 200, 108, 200, 57, '忘憂神仙草50ml.jpg', '2023-05-16 15:24:00', '2023-05-25 20:24:00'),
(57, '健康神奇貓草 10 克', 80, 2, 6, '不含基因改造品種，翠綠清香，提供愛貓最高級的天然香草。\n舒緩壓力，清潔胃部與腸道，避免毛球堆積，讓愛貓情緒平穩，身心舒暢。', 130, 117, 120, 23, '健康神奇貓草 10 克.jpg', '2023-05-16 15:24:00', '2023-05-25 20:24:00'),
(58, '茨木草木天蓼棒 中袋(5入)', 80, 2, 6, '木天蓼\n精選高緯度產地特選農場生產種植之木天蓼製成。\n舒緩貓咪情緒。', 150, 70, 230, 45, '茨木草木天蓼棒 中袋(5入).jpg', '2023-05-16 15:24:00', '2023-05-25 20:24:00'),
(59, '茨木草木天蓼棒', 80, 2, 6, '1. 精選高緯度產地特選農場生產種植之木天蓼製成。\n2. 舒緩貓咪情緒。', 300, 300, 23, 23, '茨木草木天蓼棒.jpg', '2023-05-16 15:24:00', '2023-05-25 20:24:00'),
(60, '喵舒時刻 貓薄荷 貓草 (100ml)', 80, 2, 6, '天然植物纖維，幫助貓咪排出毛球\n補充天然植物多酚、維生素、礦物\n增進腸內菌叢平衡，維護腸胃健康', 138, 138, 34, 12, '喵舒時刻 貓薄荷 貓草.jpg', '2023-05-16 15:24:00', '2023-05-25 20:24:00'),
(61, '日本新鮮貓草(2盒)', 80, 2, 6, '台灣市場唯一日本燕麥草\n\n非市售小麥草\n天然化毛 -葉脈兩側天然絨毛  幫助貓咪排毛 \n條理腸胃- 植物纖維 幫助消化        ', 256, 256, 45, 32, '日本新鮮貓草(2盒).webp', '2023-05-16 15:24:00', '2023-05-25 20:24:00'),
(62, '茨木草特級貓薄荷-銅(110ml)', 80, 2, 6, '特級貓薄荷(銅)\n將優質莖葉一齊絞碎後烘乾而成', 120, 120, 45, 23, '茨木草特級貓薄荷-銅(110ml).webp', '2023-05-16 15:24:00', '2023-05-25 20:24:00'),
(63, '茨木草特級貓薄荷-銅(230ml)', 80, 2, 6, '特級貓薄荷(銅)\n將優質莖葉一齊絞碎後烘乾而成', 250, 250, 20, 10, '茨木草特級貓薄荷-銅(230ml).webp', '2023-05-16 15:24:00', '2023-05-29 20:53:00'),
(64, '茨木草特級貓薄荷-銀(231ml)', 80, 2, 6, '特級貓薄荷(銀)\n將優質莖葉一齊絞碎後烘乾而成特級貓薄荷', 250, 250, 20, 10, '茨木草特級貓薄荷-銀(231ml).webp', '2023-05-16 15:24:00', '2023-05-29 20:53:00'),
(65, '茨木草特級貓薄荷-金(232ml)', 80, 2, 6, '特級貓薄荷(金)\n採收時只取頂端4-6片最鮮美的葉片，烘乾後手揉碎成細葉過篩去粗莖而成', 250, 250, 30, 20, '茨木草特級貓薄荷-金(232ml).webp', '2023-05-16 15:24:00', '2023-05-29 20:53:00'),
(66, '舞孃逗貓棒 - 舞孃', 80, 2, 7, '• 鈐鐺吸引 速來跳舞\n• 蓬鬆羽冠輕鬆逗 讓喵跳起熱舞\n• 裙擺搖搖 喚醒貓咪捕獵野性\n• 貓薄荷自然力量 提高小貓戰鬥力', 190, 190, 40, 14, '舞孃逗貓棒 - 舞孃.jpg', '2023-05-16 15:24:00', '2023-05-29 20:53:00'),
(67, '神奇動物逗貓棒 - 蹦迪兔', 80, 2, 7, '• 兔子長長耳朵 晃阿晃 挑逗貓咪魔性狂舞\n• 內置貓薄荷 更嗨一點\n', 190, 190, 40, 23, '神奇動物逗貓棒 - 蹦迪兔.jpg', '2023-05-16 15:24:00', '2023-05-29 20:53:00'),
(68, '貓薄荷星空逗貓棒', 80, 2, 7, '• 捕捉的快樂 全身性的運動\n• 內含貓薄荷 共享歡愉時刻\n• 超柔軟面料 進口櫸木棒', 190, 190, 20, 13, '貓薄荷星空逗貓棒.jpg', '2023-05-16 15:24:00', '2023-05-29 20:53:00'),
(69, '鯉魚旗逗貓棒 ', 80, 2, 7, '• 求守護、兼玩樂，鯉魚旗\n• 貓咪愛玩 彈力滿滿\n• 耐磨材質 細帆布更耐抓\n• 質感魚竿\n• 屋內裝飾', 260, 260, 30, 22, '鯉魚旗逗貓棒 .jpg', '2023-05-16 15:24:00', '2023-05-29 20:53:00'),
(70, '蹦迪鵝逗貓棒', 80, 2, 7, '• 挑逗貓咪魔性狂舞\n• 鵝肚鈴鐺遙遙\n• 內置貓薄荷 更嗨一點', 190, 190, 40, 10, '蹦迪鵝逗貓棒.jpg', '2023-05-16 15:24:00', '2023-05-29 20:53:00'),
(71, '伸縮款逗貓棒 - 小雞羽毛', 80, 2, 7, '• 三節伸縮碳纖桿 韌性好不易斷\n• 最大桿長96cm\n• 毛氈布+羽毛 手感輕盈\n• 透明釣魚線 堅韌難咬斷\n• 微彈手柄 抓握舒適\n• 套裝含1支釣竿、2個替換頭', 190, 190, 40, 6, '伸縮款逗貓棒 - 小雞羽毛.jpg', '2023-05-16 15:24:00', '2023-05-29 20:53:00'),
(72, '逗貓棒 - 點點羽毛款', 80, 2, 7, '• 日常逗樂 健康有活力\n• 經常運動可以增加貓咪抵抗力\n• 增進感情', 190, 190, 20, 3, '逗貓棒 - 點點羽毛款.jpg', '2023-05-16 15:24:00', '2023-05-29 20:53:00'),
(73, '全魚宴貓薄荷逗貓棒', 80, 2, 7, '• 三種替換頭 一口一個 興趣滿滿\n• 飄逸流蘇搭配清脆鈴響\n• 內含貓薄荷 誘惑吸引超高彈力釣竿設計\n', 330, 330, 30, 0, '全魚宴貓薄荷逗貓棒.jpg', '2023-05-16 15:24:00', '2023-05-16 15:24:00'),
(74, '漫步雲端 吸盤式貓吊床', 80, 2, 8, '🏆 市售最強『耐重 20kg』\n\n超穩不下滑，胖胖貓、暴衝貓都不怕！\n\n✔ 三種款式自由搭配\n✔ 強力吸盤，不傷牆面\n✔ 小坪數、租屋族必備', 750, 750, 44, 0, '怪獸部落＿漫步雲端 吸盤式貓吊床.webp', '2023-05-16 15:24:00', '2023-05-16 15:24:00'),
(75, '貓吊橋', 80, 2, 8, '讓貓咪爬至高處，悠遊的巡邏散步\n‧松木材質，穩固耐用重壓不怕變形\n‧自由組合搭配ENVY COLLECTION 貓吊床、貓步道、14\n‧鋁合金腳架，防曬防水防潮攀爬更安全\n‧依照牆面材質，吸盤或螺絲，二種安裝方式\n‧貓吊橋可承重18kg', 2500, 2380, 56, 23, '貓吊橋.jpg', '2023-05-16 15:24:00', '2023-05-16 15:24:00'),
(76, '貓本屋 太空艙 木紋多層貓跳台', 80, 2, 8, '多層式設計，可做為爬架或跳台\n封閉式15，躲藏&休息\n磨爪柱，優質麻繩緊密纏繞', 1500, 1400, 39, 12, '貓本屋 太空艙 木紋多層貓跳台.webp', '2023-05-16 15:24:00', '2023-05-16 15:24:00'),
(77, '貓本屋 寵物吊床 木紋多層貓爬架/貓跳台(130公分)', 80, 2, 8, '多層式設計，可做為爬架或跳台\n封閉式15，躲藏&休息\n磨爪柱，優質麻繩緊密纏繞', 2300, 2100, 40, 7, '貓本屋 寵物吊床.webp', '2023-05-16 15:24:00', '2023-05-29 20:53:00'),
(78, '貓膩大廈-貓窩/貓家具/貓跳台(多用途貓窩)', 80, 2, 8, '15休憩貓膩平台主僕共賞\n跳台疏展躲藏有趣好玩/兩儲物櫃\n淺橡木色, 雪白色', 3200, 2300, 40, 2, '貓膩大廈-貓窩.webp', '2023-05-16 15:24:00', '2023-05-29 20:53:00'),
(79, '寵物睡窩 - 仙人掌', 80, 2, 9, '● 全包圍設計 綿軟回彈\n● 可拆卸軟墊 鎖住溫度\n● 絲滑面料 清潔方便\n● 可容納9公斤內貓咪或5公斤內小型犬自由進出\n● 精緻工藝 可愛仙人掌造型', 990, 990, 32, 12, '寵物睡窩 - 仙人掌.jpg', '2023-05-16 15:24:00', '2023-05-29 20:53:00'),
(80, '圓頂寵物帳篷 - 白綠拼接', 80, 2, 9, '● 寬敞空間 貓狗通用\n● 立體圓弧結構\n● 封閉式設計安全感十足\n● 便攜易提且收納方便', 790, 790, 45, 22, '圓頂寵物帳篷 - 白綠拼接.jpg', '2023-05-16 15:24:00', '2023-05-29 20:53:00'),
(81, '寵物帳篷 - 藍', 80, 2, 9, '● 超大空間 翻滾無壓力\n● 半封閉式設計 安全隱蔽\n● 優質實木支架 可拆洗設計\n● 方便整理 易拆易收納', 790, 790, 11, 3, '寵物帳篷 - 藍.jpg', '2023-05-16 15:24:00', '2023-05-29 20:53:00'),
(82, '寵物帳篷 - 黃', 80, 2, 9, '● 超大空間 翻滾無壓力\n● 半封閉式設計 安全隱蔽\n● 優質實木支架 可拆洗設計\n● 方便整理 易拆易收納', 790, 790, 34, 1, '寵物帳篷 - 黃.jpg', '2023-05-16 15:24:00', '2023-05-29 20:53:00'),
(83, '寵物帳篷 - 綠格格', 80, 2, 9, '● 超大空間 翻滾無壓力\n●半封閉式設計 安全隱蔽\n● 優質實木支架 可拆洗設計\n● 方便整理 易拆易收納', 790, 790, 46, 9, '寵物帳篷 - 綠格格.jpg', '2023-05-16 15:24:00', '2023-05-29 20:53:00'),
(84, '橘子寵物睡窩', 80, 2, 9, '● 優質毛氈 圓潤光滑無毛邊\n● 高彈性 不易變形\n● 可拆卸拉鍊結構 方便打理\n● 四季可用 冬暖夏涼\n● 半封閉式睡窩 安心熟睡', 1190, 1190, 45, 22, '橘子寵物睡窩.jpg', '2023-05-16 15:24:00', '2023-05-29 20:53:00'),
(85, '小貓山丘', 80, 2, 9, '小山造型的半開放式帳篷\n主子最需要的 敞開玩樂/隱密休息空間', 990, 990, 67, 1, '小貓的山丘.webp', '2023-05-16 15:24:00', '2023-05-29 20:53:00'),
(86, '卡特喵喵貓米糰(貓抓板) 41*45*19cm', 80, 2, 10, '圓潤的傲嬌喵星人造型\n舒適的蝸居空間設計\n不管是讓喵主子練練北斗喵喵爪\n還是在慵懶的午後時光來個小憩\n都可讓喵主子愛不釋掌～', 800, 750, 33, 23, '卡特喵喵貓米糰(貓抓板).jpg', '2023-05-16 15:24:00', '2023-05-29 20:53:00'),
(87, '貓抓板 摩登躺椅', 80, 2, 10, '摩登時尚躺椅設計,融入家中擺設\n加大加寬,讓貓咪躺在上面尊榮感倍增\n厚重扎實,讓貓咪抓得盡興', 1300, 1100, 23, 11, '貓抓板 摩登躺椅.jpg', '2023-05-16 15:24:00', '2023-05-29 20:53:00'),
(88, '貓抓板 海浪 67*31*35公分', 80, 2, 10, '海浪造型\n讓主子在家裡也能夠乘風破浪\n讓主子在海浪的懷抱盡情徜游,不但能站在海浪上,也能躲在海浪裡!\n堅固扎實,滿足貓咪磨爪需求。', 1200, 1150, 67, 22, '貓抓板 海浪.jpg', '2023-05-16 15:24:00', '2023-05-29 20:53:00'),
(89, '貓抓板 貓碗盆 45*16公分', 80, 2, 10, '碗盆設計讓人在家即可品嘗一碗又香又美味貓碗麵\n完美弧度讓貓咪躺在裡面舒適到不想離開\n四周階梯式設計讓貓咪抓起來更舒壓,搭配摸薄荷也不怕掉得滿地', 790, 780, 78, 22, '貓抓板 貓碗盆.jpg', '2023-05-16 15:24:00', '2023-05-29 20:53:00'),
(90, '貓抓板 台灣黑熊', 80, 2, 10, '組合式黑熊\n能分開抓也能組合在一起抓\n想怎麼抓就怎麼抓!', 670, 550, 33, 33, '貓抓板台灣黑熊.jpeg', '2023-05-16 15:24:00', '2023-05-30 20:53:00'),
(91, '地球儀貓抓球 (34*45公分)', 80, 2, 10, '實木框架 結構穩固\n360度零死角 各角度盡情玩耍\n創意設計 當擺飾也很療癒\n優質劍麻 細膩織法不傷貓爪', 1450, 1350, 11, 4, '地球儀貓抓球.jpg', '2023-05-16 15:24:00', '2023-05-31 20:53:00'),
(92, '半個樓 貓屋 54*35*41公分', 80, 2, 10, '1. 無毒植物膠 毛孩誤1 不用擔心\n2. 上下兩層的造型 可供2隻貓玩耍 同時也可當15\n3. 六面抓板 給貓兒們足夠的磨爪\n4. 輕易組裝且不佔空間', 890, 850, 56, 2, '半個樓 貓屋.jpg', '2023-05-16 15:24:00', '2023-06-01 20:53:00'),
(93, '陽光梳子王 一鍵褪毛 爽感舒適除毛梳 ', 80, 5, 22, '● 陽光梳子王 橘綠色\n● 一鍵褪毛針梳\n● 232顆按摩保護點\n● 鋼針140度曲形設計\n● 不鏽鋼 全身水洗\n● 防滑羅馬柱紋手柄', 300, 299, 2, 1, '陽光梳子王 一鍵褪毛 爽感舒適除毛梳.jpg', '2023-06-16 15:24:00', '2023-06-17 20:53:00'),
(94, 'SHINE! 潔淨時刻寵物酵素牙膏', 80, 5, 20, '複合酵素配方 刷出清新好口氣\n✔ 天然酵素，去除牙垢超有感\n✔ 人氣雞肉風味，讓毛孩愛上刷牙\n✔ 無化學殺菌劑，全成份安心可吞1', 470, 470, 3, 0, 'SHINE! 潔淨時刻寵物酵素牙膏.jpg', '2023-06-16 15:24:00', '2023-06-17 20:53:00'),
(95, '寵物皮膚問題洗毛精 500ML', 80, 5, 19, '✔含歐盟EN / 美國USP認證防護因子\n✔專為寵物敏感性肌膚設計開發\n✔最適寵物皮毛PH6.0~6.5，皮膚無刺激性\n✔非藥用，長期使用不擔心抗藥性', 680, 650, 4, 0, '寵物皮膚問題洗毛精 500ML.jpg', '2023-06-16 15:24:00', '2023-06-17 20:53:00'),
(96, '寵物潔耳液 (10ml)', 80, 5, 19, '清潔耳朵、不刺激不殘留、預防中耳炎。\n● 中性溫和、不傷耳道、分解耳屎耳垢、耳根清爽無負擔。\n● 非藥用、預防耳朵異味、細菌滋生、中耳炎等疾病。', 50, 45, 67, 0, '寵物潔耳液 (10ml).jpg', '2023-06-16 15:24:00', '2023-06-17 20:53:00'),
(97, '黃金盾寵物傷口潔療噴劑', 80, 5, 19, '含歐盟EN / 美國USP認證防護因子\n水性基底配方，皮膚易於呼吸\n舒緩調理肌膚，增強皮膚健康力\n隱形防護罩，24小時不間斷持續防護\n非藥用護理液，不含類固醇、抗生素，長期使用不產生抗藥性', 599, 480, 33, 23, '黃金盾寵物傷口潔療噴劑.jpg', '2023-06-16 15:24:00', '2023-06-17 20:53:00'),
(98, '長型極透氣寵物袋', 80, 6, 26, '三明治超透氣網，抗咬、抗抓!通風透氣~\n提供給法鬥、臘腸、多毛家庭的飼主們最佳選擇\n不僅空間舒適更因全袋身極致通風透氣效果\n讓怕熱的毛孩即便是關在袋內\n也比較不因悶熱而導致體臭甚至躁動不安', 2500, 2400, 45, 34, '長型極透氣寵物袋.jpg', '2023-06-16 15:24:00', '2023-06-17 20:53:00'),
(99, '太空艙寵物背包', 80, 6, 27, '輕便、通透、超易用的pidan寵物出行背包！\n前所未有大尺寸\n可背、可拎、還有拉桿箱專用綁帶\n折疊收納 花樣出行\n超大視窗\n頂面大孔徑透氣網格佈設計 拒絕悶熱', 3200, 3100, 22, 2, '太空艙寵物背包.jpg', '2023-05-16 15:24:00', '2023-06-17 20:53:00'),
(100, '大容量旅行雙肩背包 ', 80, 6, 27, '全開式便捷收納、舒適手提、可調節肩帶扣、車線加固處理', 890, 850, 56, 1, '大容量旅行雙肩背包 .jpg', '2023-07-28 15:24:00', '2023-07-30 20:53:00'),
(101, '貓用牽引繩 野獸色塊(彩) 組合款', 80, 6, 28, '遛貓新風尚 我要自成一派 \n蠶絲滌綸材質 手感柔和 更耐用 \nPOM材質自脫扣 牢固的同時對危機狀況反應更迅速 \n清新風格的原創設計圖案 潮流百搭', 350, 220, 22, 11, '貓用牽引繩 野獸色塊(彩) 組合款 .jpg', '2023-07-28 15:24:00', '2023-07-30 20:53:00'),
(102, '初見摺疊包綠色', 80, 6, 32, '全景大空間\n多孔透氣、可背可提\n防逃脫鎖扣\n可拆卸捲簾、可折疊收納', 1190, 1050, 45, 22, '初見摺疊包綠色.jpg', '2023-07-28 15:24:00', '2023-07-30 20:53:00'),
(103, '火星計畫寵物雙肩包', 80, 6, 27, '一款足夠大、足夠舒適的移動雙肩背包，可供寵物躺臥\n體型大的貓咪或小型犬，也能輕鬆放入', 2600, 2400, 27, 5, '火星計畫寵物雙肩包.jpg', '2023-07-28 15:24:00', '2023-07-30 20:53:00'),
(104, '費洛蒙紓壓礦砂 4KG（2包）', 80, 3, 11, '上廁所就能紓緩壓力！\n\n添加天然萃取費洛蒙\n幫貓咪放鬆情緒，緩解行為問題！\n✔ 低粉塵｜專利無塵砂技術\n✔ 秒凝結｜高效吸水分子添加\n✔ 超除臭｜活性碳升級配方', 560, 499, 57, 1, '怪獸部落＿費洛蒙紓壓礦砂 4KG（2包）.webp', '2023-07-28 15:24:00', '2023-07-30 20:53:00'),
(105, '費洛蒙紓壓豆腐砂（條型） 7L(2包）', 80, 3, 12, '上廁所就能紓緩壓力！\n\n添加天然萃取費洛蒙\n幫貓咪放鬆情緒，緩解行為問題！\n\n✔ 低粉塵｜5道過篩除塵工序\n✔ 秒凝結｜1.5mm瞬吸極細條\n✔ 超除臭｜活性碳升級配方', 560, 499, 7, 6, '怪獸部落＿費洛蒙紓壓豆腐砂（條型） 7L（2包）.webp', '2023-07-28 15:24:00', '2023-07-30 20:53:00'),
(106, '強效凝結木屑砂20L ', 80, 3, 13, '商品特色\n1.100%純潔木屑纖維，不含人工添加物，誤1不擔心\n2.吸收力強，用量少，經濟實惠\n3.顆粒細緻，貓咪接受度高\n4.無粉塵，更換方便\n5.快速凝結，好清理\n6.天然除臭綠珠，保持屋內清新\n7.歐洲第一品牌，德國Stiftung Warentest品質測試優良', 1280, 990, 2, 0, '強效凝結木屑砂20L.jpg', '2023-07-28 15:24:00', '2023-07-30 20:53:00'),
(107, '天然木屑砂10L', 80, 3, 13, '商品特色\n 雜質少吸水性好 \n大量採用松木內層孔徑較大的部分 接觸尿液後約6秒崩解 \n可讓貓砂吸水效果最佳', 840, 597, 15, 0, '天然木屑砂10L.jpg', '2023-07-28 15:24:00', '2023-07-30 20:53:00'),
(108, '問題肌專用 菌姆斯專業養護洗毛精 限定組 貓狗專用(問題肌首選)', 80, 3, 19, '富含維生素,維持皮膚PH值平衡\n提升肌膚表皮的抵抗力\n維持肌膚健康狀態', 696, 380, 46, 0, '問題肌專用 菌姆斯專業養護洗毛精 限定組 貓狗專用.webp', '2023-07-28 15:24:00', '2023-08-03 22:53:00'),
(109, '日本寵物除臭噴霧', 80, 3, 19, '雙重消臭成分、健康除臭\n強而廣的適用力\n除菌、消臭、清潔', 499, 419, 23, 22, '日本寵物除臭噴霧.webp', '2023-07-28 15:24:00', '2023-08-03 22:53:00'),
(110, '幼貓的第一個砂盆', 80, 4, 15, '簡單時尚的圓形設計日式貓廁所。\n三種不同的顏色代表日本貓咪（白色，黑色，三花）的花色。\n簡單方便清理。', 399, 399, 56, 12, '幼貓的第一個砂盆.jpg', '2023-07-28 15:24:00', '2023-08-03 22:53:00'),
(111, '單層開放式防濺貓砂盆', 80, 4, 15, '舒適大空間，主動式落砂凸球及踏板\n簡約設計，就像藝術品', 799, 699, 11, 3, '單層開放式防濺貓砂盆.jpg', '2023-07-28 15:24:00', '2023-08-03 22:53:00'),
(112, '清新消臭雙層貓砂盆全罩曜石黑', 80, 4, 16, '日本銷售No.1\n每天只要整理便便, 超省力打掃設計\n沒有異味, 常保清潔\n屋型設計, 消臭又有隱私\n可照顧貓咪健康的尿墊\n可完整使用尿墊的抽屜設計', 1400, 1399, 24, 1, '清新消臭雙層貓砂盆全罩曜石黑.jpg', '2023-07-28 15:24:00', '2023-08-03 22:53:00'),
(113, '吐司貓砂盆 拿鐵咖', 80, 4, 16, '自帶落砂踏板，防止貓砂帶出\n大掀蓋，更好鏟\n曲線湖面式設計\n將顏值融入品質\n安心材質，兼顧耐用', 1100, 690, 45, 34, '吐司貓砂盆 拿鐵咖.jpg', '2023-07-28 15:24:00', '2023-08-03 22:53:00'),
(114, '自動貓砂機/智慧貓砂盆', 80, 4, 17, '13L 集便倉，超大容量\n多重安全防衛全球0事故\n專利設計，密封除臭', 8888, 7777, 1, 0, '自動貓砂機智慧貓砂盆.webp', '2023-07-28 15:24:00', '2023-08-03 22:53:00'),
(115, '全自動貓砂機 智慧貓砂盆', 80, 4, 17, '全自動偵測 主子離開馬上開鏟\n除臭臭氧 抑菌除臭防霉一次搞定\n智能預停轉 安心防護不夾貓', 23000, 10500, 2, 0, '全自動貓砂機 智慧貓砂盆.webp', '2023-07-28 15:24:00', '2023-08-03 22:53:00'),
(116, '111', 80, 1, 4, '1', 100, 70, 80, 0, '真野無穀 成貓配方(鱈魚+馬鈴薯+扁豆) 1.5公斤 (貓飼料).jpg', '2023-07-13 02:48:50', '2023-07-13 02:48:50'),
(117, '我是測試黨拉!!!!1111!!1111!!!寵物帳篷測試測試時間', 80, 123, 456, '我是測試黨！！', 9999, 888, 455, 2323, '寵物睡窩 - 仙人掌.jpg', '2023-07-13 12:55:27', '2023-07-13 16:18:27'),
(120, '這是學校電腦測試3-3333', 80, 1, 4, '這是學校電腦測試2-3333', 852, 1222, 5555, 0, 'Petmii 4.6L寵物智能餵食器.jpg', '2023-07-14 15:58:15', '2023-07-14 16:45:07');

-- --------------------------------------------------------

--
-- 資料表結構 `subcategory`
--

CREATE TABLE `subcategory` (
  `subcategory_id` int(30) UNSIGNED NOT NULL,
  `subcategory_name` varchar(30) NOT NULL,
  `category_id` int(30) NOT NULL,
  `valid` tinyint(4) NOT NULL
) ENGINE=InnoDB DEFAULT CHARSET=utf8mb4 COLLATE=utf8mb4_general_ci;

--
-- 傾印資料表的資料 `subcategory`
--

INSERT INTO `subcategory` (`subcategory_id`, `subcategory_name`, `category_id`, `valid`) VALUES
(1, '罐頭', 1, 1),
(2, '飼料', 1, 1),
(3, '點心', 1, 1),
(4, '保健品', 1, 1),
(5, '飲水/餵食', 2, 1),
(6, '貓草', 2, 1),
(7, '逗貓棒', 2, 1),
(8, '貓跳台', 2, 1),
(9, '貓窩', 2, 1),
(10, '貓抓板', 2, 1),
(11, '礦砂', 3, 1),
(12, '豆腐砂', 3, 1),
(13, '木屑砂', 3, 1),
(14, '除臭劑', 3, 1),
(15, '半開貓砂盆', 4, 1),
(16, '全罩貓砂盆', 4, 1),
(17, '自動貓砂盆', 4, 1),
(18, '貓砂鏟', 4, 1),
(19, '皮毛清潔護理', 5, 1),
(20, '口腔清潔護理', 5, 1),
(21, '指甲剪', 5, 1),
(22, '刷毛梳', 5, 1),
(23, '烘毛機', 5, 1),
(24, '運輸籠', 6, 1),
(25, '寵物推車', 6, 1),
(26, '寵物提包', 6, 1),
(27, '寵物雙肩包', 6, 1),
(28, '寵物牽繩', 6, 1),
(29, '項圈', 5, 1),
(30, '寵物領巾', 6, 1);

-- --------------------------------------------------------

--
-- 資料表結構 `userinfo`
--

CREATE TABLE `userinfo` (
  `user_id` int(11) NOT NULL,
  `name` varchar(30) NOT NULL,
  `phone` varchar(30) NOT NULL,
  `email` varchar(30) NOT NULL,
  `address` varchar(50) NOT NULL,
  `birthday` date NOT NULL,
  `pet_number` int(30) NOT NULL,
  `gender` varchar(8) NOT NULL,
  `cover_photo` varchar(200) NOT NULL,
  `level_id` varchar(10) NOT NULL,
  `created_at` datetime NOT NULL,
  `updated_at` datetime NOT NULL
) ENGINE=InnoDB DEFAULT CHARSET=utf8mb4 COLLATE=utf8mb4_general_ci;

--
-- 傾印資料表的資料 `userinfo`
--

INSERT INTO `userinfo` (`user_id`, `name`, `phone`, `email`, `address`, `birthday`, `pet_number`, `gender`, `cover_photo`, `level_id`, `created_at`, `updated_at`) VALUES
(1, 'Amy', '0911111111', 'Amy@test.com', '桃園市桃園區中正路1號', '1990-06-01', 1, '女', 'pic1.png', '1', '2023-06-01 12:00:00', '2023-06-01 12:00:00'),
(2, 'Gary', '0911111112', 'Gary@test.com', '桃園市桃園區中正路2號', '1990-06-02', 2, '男', 'pic2.webp', '2', '2023-06-02 12:00:00', '2023-06-02 12:00:00'),
(3, 'Eric', '0911111113', 'Eric@test.com', '桃園市桃園區中正路3號', '1990-06-03', 3, '男', 'pic3.jpg', '3', '2023-06-03 12:00:00', '2023-06-03 12:00:00'),
(4, 'Amy', '0911111114', 'Amy@test.com', '桃園市桃園區中正路4號', '1990-06-04', 4, '女', 'pic4.png', '1', '2023-06-04 12:00:00', '2023-06-04 12:00:00'),
(5, 'Carol', '0911111115', 'Carol@test.com', '桃園市桃園區中正路5號', '1990-06-05', 5, '女', 'pic5.jpg', '2', '2023-06-05 12:00:00', '2023-06-05 12:00:00'),
(6, 'Carrie', '0911111116', 'Carrie@test.com', '桃園市桃園區中正路6號', '1990-06-06', 1, '女', 'pic6.png', '3', '2023-06-06 12:00:00', '2023-06-06 12:00:00'),
(7, 'Amy', '0911111117', 'Amy@test.com', '桃園市桃園區中正路7號', '1990-06-07', 2, '女', 'pic7.jpg', '1', '2023-06-07 12:00:00', '2023-06-07 12:00:00'),
(8, 'Alice', '0911111118', 'Alice@test.com', '桃園市桃園區中正路8號', '1990-06-08', 3, '女', 'pic8.jpeg', '2', '2023-06-08 12:00:00', '2023-06-08 12:00:00'),
(9, 'Carla', '0911111119', 'Carla@test.com', '桃園市桃園區中正路9號', '1990-06-09', 4, '女', 'pic9.png', '3', '2023-06-09 12:00:00', '2023-06-09 12:00:00'),
(10, 'Anne', '0911111120', 'Anne@test.com', '桃園市桃園區中正路10號', '1990-06-10', 5, '女', 'pic1.png', '1', '2023-06-10 12:00:00', '2023-06-10 12:00:00'),
(11, 'Annie', '0911111121', 'Annie@test.com', '桃園市桃園區中正路11號', '1990-06-11', 1, '女', 'pic2.webp', '2', '2023-06-11 12:00:00', '2023-06-11 12:00:00'),
(12, 'Antonia', '0911111122', 'Antonia@test.com', '桃園市桃園區中正路12號', '1990-06-12', 2, '女', 'pic3.jpg', '3', '2023-06-12 12:00:00', '2023-06-12 12:00:00'),
(13, 'Alma', '0911111123', 'Alma@test.com', '桃園市桃園區中正路13號', '1990-06-13', 3, '女', 'pic4.png', '1', '2023-06-13 12:00:00', '2023-06-13 12:00:00'),
(14, 'Aspasia', '0911111124', 'Aspasia@test.com', '桃園市桃園區中正路14號', '1990-06-14', 4, '女', 'pic5.jpg', '2', '2023-06-14 12:00:00', '2023-06-14 12:00:00'),
(15, 'Avis', '0911111125', 'Avis@test.com', '桃園市桃園區中正路15號', '1990-06-15', 5, '男', 'pic6.png', '3', '2023-06-15 12:00:00', '2023-06-15 12:00:00'),
(16, 'Babs', '0911111126', 'Babs@test.com', '桃園市桃園區中正路16號', '1990-06-16', 1, '男', 'pic7.jpg', '1', '2023-06-16 12:00:00', '2023-06-16 12:00:00'),
(17, 'Becky', '0911111127', 'Becky@test.com', '桃園市桃園區中正路17號', '1990-06-17', 2, '女', 'pic8.jpeg', '2', '2023-06-17 12:00:00', '2023-06-17 12:00:00'),
(18, 'Doris', '0911111128', 'Doris@test.com', '桃園市桃園區中正路18號', '1990-06-18', 3, '女', 'pic9.png', '3', '2023-06-18 12:00:00', '2023-06-18 12:00:00'),
(19, 'Elva', '0911111129', 'Elva@test.com', '桃園市桃園區中正路19號', '1990-06-19', 4, '女', 'pic1.png', '1', '2023-06-19 12:00:00', '2023-06-19 12:00:00'),
(20, 'Eileen', '0911111130', 'Eileen@test.com', '桃園市桃園區中正路20號', '1990-06-20', 5, '女', 'pic2.webp', '2', '2023-06-20 12:00:00', '2023-06-20 12:00:00'),
(21, 'Ella', '0911111131', 'Ella@test.com', '桃園市桃園區中正路21號', '1990-06-21', 1, '女', 'pic3.jpg', '3', '2023-06-21 12:00:00', '2023-06-21 12:00:00'),
(22, 'Elsa', '0911111132', 'Elsa@test.com', '桃園市桃園區中正路22號', '1990-06-22', 2, '女', 'pic4.png', '1', '2023-06-22 12:00:00', '2023-06-22 12:00:00'),
(23, 'Emily', '0911111133', 'Emily@test.com', '桃園市桃園區中正路23號', '1990-06-23', 3, '女', 'pic5.jpg', '2', '2023-06-23 12:00:00', '2023-06-23 12:00:00'),
(24, 'Amy', '0911111134', 'Amy@test.com', '桃園市桃園區中正路24號', '1990-06-24', 4, '女', 'pic6.png', '3', '2023-06-24 12:00:00', '2023-06-24 12:00:00'),
(25, 'Diane', '0911111135', 'Diane@test.com', '桃園市桃園區中正路25號', '1990-06-25', 5, '女', 'pic7.jpg', '1', '2023-06-25 12:00:00', '2023-06-25 12:00:00'),
(26, 'Dora', '0911111136', 'Dora@test.com', '桃園市桃園區中正路26號', '1990-06-26', 1, '女', 'pic8.jpeg', '2', '2023-06-26 12:00:00', '2023-06-26 12:00:00'),
(27, 'Edith', '0911111137', 'Edith@test.com', '桃園市桃園區中正路27號', '1990-06-27', 2, '女', 'pic9.png', '3', '2023-06-27 12:00:00', '2023-06-27 12:00:00'),
(28, 'Elaine', '0911111138', 'Elaine@test.com', '桃園市桃園區中正路28號', '1990-06-28', 3, '女', 'pic1.png', '1', '2023-06-28 12:00:00', '2023-06-28 12:00:00'),
(29, 'Amy', '0911111139', 'Amy@test.com', '桃園市桃園區中正路29號', '1990-06-29', 4, '男', 'pic2.webp', '2', '2023-06-29 12:00:00', '2023-06-29 12:00:00'),
(30, 'Ellen', '0911111140', 'Ellen@test.com', '桃園市桃園區中正路30號', '1990-06-30', 5, '男', 'pic3.jpg', '3', '2023-06-30 12:00:00', '2023-06-30 12:00:00'),
(31, 'Elsie', '0911111141', 'Elsie@test.com', '桃園市桃園區中正路31號', '1990-07-01', 1, '女', 'pic4.png', '1', '2023-07-01 12:00:00', '2023-07-01 12:00:00'),
(32, 'Emma', '0911111142', 'Emma@test.com', '桃園市桃園區中正路32號', '1990-07-02', 2, '女', 'pic5.jpg', '2', '2023-07-02 12:00:00', '2023-07-02 12:00:00'),
(33, 'Jenny', '0911111143', 'Jenny@test.com', '桃園市桃園區中正路33號', '1990-07-03', 3, '女', 'pic6.png', '3', '2023-07-03 12:00:00', '2023-07-03 12:00:00'),
(34, 'Jessie', '0911111144', 'Jessie@test.com', '桃園市桃園區中正路34號', '1990-07-04', 4, '女', 'pic7.jpg', '1', '2023-07-04 12:00:00', '2023-07-04 12:00:00'),
(35, 'Joan', '0911111145', 'Joan@test.com', '桃園市桃園區中正路35號', '1990-07-05', 5, '女', 'pic8.jpeg', '2', '2023-07-05 12:00:00', '2023-07-05 12:00:00'),
(36, 'Amy', '0911111146', 'Amy@test.com', '桃園市桃園區中正路36號', '1990-07-06', 1, '女', 'pic9.png', '3', '2023-07-06 12:00:00', '2023-07-06 12:00:00'),
(37, 'Jode', '0911111147', 'Jode@test.com', '桃園市桃園區中正路37號', '1990-07-07', 2, '女', 'pic1.png', '1', '2023-07-07 12:00:00', '2023-07-07 12:00:00'),
(38, 'Judy', '0911111148', 'Judy@test.com', '桃園市桃園區中正路38號', '1990-07-08', 3, '女', 'pic2.webp', '2', '2023-07-08 12:00:00', '2023-07-08 12:00:00'),
(39, 'Joyce', '0911111149', 'Joyce@test.com', '桃園市桃園區中正路39號', '1990-07-09', 4, '女', 'pic3.jpg', '3', '2023-07-09 12:00:00', '2023-07-09 12:00:00'),
(40, 'Julia', '0911111150', 'Julia@test.com', '桃園市桃園區中正路40號', '1990-07-10', 5, '女', 'pic4.png', '1', '2023-07-10 12:00:00', '2023-07-10 12:00:00'),
(41, 'Lily', '0911111151', 'Lily@test.com', '桃園市桃園區中正路41號', '1990-07-11', 1, '女', 'pic5.jpg', '2', '2023-07-11 12:00:00', '2023-07-11 12:00:00'),
(42, 'Lisa', '0911111152', 'Lisa@test.com', '桃園市桃園區中正路42號', '1990-07-12', 2, '男', 'pic6.png', '3', '2023-07-12 12:00:00', '2023-07-12 12:00:00'),
(43, 'Lois', '0911111153', 'Lois@test.com', '桃園市桃園區中正路43號', '1990-07-13', 3, '女', 'pic7.jpg', '1', '2023-07-13 12:00:00', '2023-07-13 12:00:00'),
(44, 'Amy', '0911111154', 'Amy@test.com', '桃園市桃園區中正路44號', '1990-07-14', 4, '女', 'pic8.jpeg', '2', '2023-07-14 12:00:00', '2023-07-14 12:00:00'),
(45, 'Amy', '0911111155', 'Amy@test.com', '桃園市桃園區中正路45號', '1990-07-15', 5, '女', 'pic9.png', '3', '2023-07-15 12:00:00', '2023-07-15 12:00:00'),
(46, 'Lynn', '0911111156', 'Lynn@test.com', '桃園市桃園區中正路46號', '1990-07-16', 1, '女', 'pic1.png', '1', '2023-07-16 12:00:00', '2023-07-16 12:00:00'),
(47, 'LuLu', '0911111157', 'LuLu@test.com', '桃園市桃園區中正路47號', '1990-07-17', 2, '男', 'pic2.webp', '2', '2023-07-17 12:00:00', '2023-07-17 12:00:00'),
(48, 'Madge', '0911111158', 'Madge@test.com', '桃園市桃園區中正路48號', '1990-07-18', 3, '男', 'pic3.jpg', '3', '2023-07-18 12:00:00', '2023-07-18 12:00:00'),
(49, 'Mandy', '0911111159', 'Mandy@test.com', '桃園市桃園區中正路49號', '1990-07-19', 4, '女', 'pic4.png', '1', '2023-07-19 12:00:00', '2023-07-19 12:00:00'),
(50, 'Linda', '0911111160', 'Linda@test.com', '桃園市桃園區中正路50號', '1990-07-20', 5, '女', 'pic5.jpg', '2', '2023-07-20 12:00:00', '2023-07-20 12:00:00'),
(51, 'Livia', '0911111161', 'Livia@test.com', '桃園市桃園區中正路51號', '1990-07-21', 1, '女', 'pic6.png', '3', '2023-07-21 12:00:00', '2023-07-21 12:00:00'),
(52, 'Lori', '0911111162', 'Lori@test.com', '桃園市桃園區中正路52號', '1990-07-22', 2, '女', 'pic7.jpg', '1', '2023-07-22 12:00:00', '2023-07-22 12:00:00'),
(53, 'Louise', '0911111163', 'Louise@test.com', '桃園市桃園區中正路53號', '1990-07-23', 3, '女', 'pic8.jpeg', '2', '2023-07-23 12:00:00', '2023-07-23 12:00:00'),
(54, 'Lucy', '0911111164', 'Lucy@test.com', '桃園市桃園區中正路54號', '1990-07-24', 4, '女', 'pic9.png', '3', '2023-07-24 12:00:00', '2023-07-24 12:00:00'),
(55, 'Amy', '0911111165', 'Amy@test.com', '桃園市桃園區中正路55號', '1990-07-25', 5, '女', 'pic1.png', '1', '2023-07-25 12:00:00', '2023-07-25 12:00:00'),
(56, 'Amy', '0911111166', 'Amy@test.com', '桃園市桃園區中正路56號', '1990-07-26', 1, '女', 'pic2.webp', '2', '2023-07-26 12:00:00', '2023-07-26 12:00:00'),
(57, 'Maggie', '0911111167', 'Maggie@test.com', '桃園市桃園區中正路57號', '1990-07-27', 2, '女', 'pic3.jpg', '3', '2023-07-27 12:00:00', '2023-07-27 12:00:00'),
(58, 'Marcia', '0911111168', 'Marcia@test.com', '桃園市桃園區中正路58號', '1990-07-28', 3, '女', 'pic4.png', '1', '2023-07-28 12:00:00', '2023-07-28 12:00:00'),
(59, 'Nicole', '0911111169', 'Nicole@test.com', '桃園市桃園區中正路59號', '1990-07-29', 4, '女', 'pic5.jpg', '2', '2023-07-29 12:00:00', '2023-07-29 12:00:00'),
(60, 'Nita', '0911111170', 'Nita@test.com', '桃園市桃園區中正路60號', '1990-07-30', 5, '女', 'pic6.png', '3', '2023-07-30 12:00:00', '2023-07-30 12:00:00'),
(61, 'Olive', '0911111171', 'Olive@test.com', '桃園市桃園區中正路61號', '1990-07-31', 1, '女', 'pic7.jpg', '1', '2023-07-31 12:00:00', '2023-07-31 12:00:00'),
(62, 'Pancy', '0911111172', 'Pancy@test.com', '桃園市桃園區中正路62號', '1990-08-01', 2, '女', 'pic8.jpeg', '2', '2023-08-01 12:00:00', '2023-08-01 12:00:00'),
(63, 'Paula', '0911111173', 'Paula@test.com', '桃園市桃園區中正路63號', '1990-08-02', 3, '女', 'pic9.png', '3', '2023-08-02 12:00:00', '2023-08-02 12:00:00'),
(64, 'Peggie', '0911111174', 'Peggie@test.com', '桃園市桃園區中正路64號', '1990-08-03', 4, '男', 'pic1.png', '1', '2023-08-03 12:00:00', '2023-08-03 12:00:00'),
(65, 'Rose', '0911111175', 'Rose@test.com', '桃園市桃園區中正路65號', '1990-08-04', 5, '男', 'pic2.webp', '2', '2023-08-04 12:00:00', '2023-08-04 12:00:00'),
(66, 'Ruby', '0911111176', 'Ruby@test.com', '桃園市桃園區中正路66號', '1990-08-05', 1, '女', 'pic3.jpg', '3', '2023-08-05 12:00:00', '2023-08-05 12:00:00'),
(67, 'Katie', '0911111177', 'Katie@test.com', '桃園市桃園區中正路67號', '1990-08-06', 2, '女', 'pic4.png', '1', '2023-08-06 12:00:00', '2023-08-06 12:00:00'),
(68, 'Kim', '0911111178', 'Kim@test.com', '桃園市桃園區中正路68號', '1990-08-07', 3, '女', 'pic5.jpg', '2', '2023-08-07 12:00:00', '2023-08-07 12:00:00'),
(69, 'Kitty', '0911111179', 'Kitty@test.com', '桃園市桃園區中正路69號', '1990-08-08', 4, '女', 'pic6.png', '3', '2023-08-08 12:00:00', '2023-08-08 12:00:00'),
(70, 'Amy', '0911111180', 'Amy@test.com', '桃園市桃園區中正路70號', '1990-08-09', 5, '女', 'pic7.jpg', '1', '2023-08-09 12:00:00', '2023-08-09 12:00:00'),
(71, 'Sandy', '0911111181', 'Sandy@test.com', '桃園市桃園區中正路71號', '1990-08-10', 1, '女', 'pic8.jpeg', '2', '2023-08-10 12:00:00', '2023-08-10 12:00:00'),
(72, 'Sheila', '0911111182', 'Sheila@test.com', '桃園市桃園區中正路72號', '1990-08-11', 2, '女', 'pic9.png', '3', '2023-08-11 12:00:00', '2023-08-11 12:00:00'),
(73, 'Amy', '0911111183', 'Amy@test.com', '桃園市桃園區中正路73號', '1990-08-12', 3, '女', 'pic1.png', '1', '2023-08-12 12:00:00', '2023-08-12 12:00:00'),
(74, 'Sophia', '0911111184', 'Sophia@test.com', '桃園市桃園區中正路74號', '1990-08-13', 4, '女', 'pic2.webp', '2', '2023-08-13 12:00:00', '2023-08-13 12:00:00'),
(75, 'Stella', '0911111185', 'Stella@test.com', '桃園市桃園區中正路75號', '1990-08-14', 5, '女', 'pic3.jpg', '3', '2023-08-14 12:00:00', '2023-08-14 12:00:00'),
(76, 'Vivian', '0911111186', 'Vivian@test.com', '桃園市桃園區中正路76號', '1990-08-15', 1, '女', 'pic4.png', '1', '2023-08-15 12:00:00', '2023-08-15 12:00:00'),
(77, 'Valerie', '0911111187', 'Valerie@test.com', '桃園市桃園區中正路77號', '1990-08-16', 2, '男', 'pic5.jpg', '2', '2023-08-16 12:00:00', '2023-08-16 12:00:00'),
(78, 'Veronica', '0911111188', 'Veronica@test.com', '桃園市桃園區中正路78號', '1990-08-17', 3, '男', 'pic6.png', '3', '2023-08-17 12:00:00', '2023-08-17 12:00:00'),
(79, 'Amy', '0911111189', 'Amy@test.com', '桃園市桃園區中正路79號', '1990-08-18', 4, '男', 'pic7.jpg', '1', '2023-08-18 12:00:00', '2023-08-18 12:00:00'),
(80, 'Zoe', '0911111190', 'Zoe@test.com', '桃園市桃園區中正路80號', '1990-08-19', 5, '男', 'pic8.jpeg', '2', '2023-08-19 12:00:00', '2023-08-19 12:00:00'),
(81, 'Max', '0911111191', 'Max@test.com', '桃園市桃園區中正路81號', '1990-08-20', 1, '男', 'pic9.png', '3', '2023-08-20 12:00:00', '2023-08-20 12:00:00'),
(82, 'Kevin', '0911111192', 'Kevin@test.com', '桃園市桃園區中正路82號', '1990-08-21', 2, '男', 'pic1.png', '1', '2023-08-21 12:00:00', '2023-08-21 12:00:00'),
(83, 'Nick', '0911111193', 'Nick@test.com', '桃園市桃園區中正路83號', '1990-08-22', 3, '男', 'pic2.webp', '2', '2023-08-22 12:00:00', '2023-08-22 12:00:00'),
(84, 'Jack', '0911111194', 'Jack@test.com', '桃園市桃園區中正路84號', '1990-08-23', 4, '男', 'pic3.jpg', '3', '2023-08-23 12:00:00', '2023-08-23 12:00:00'),
(85, 'Jacky', '0911111195', 'Jacky@test.com', '桃園市桃園區中正路85號', '1990-08-24', 5, '男', 'pic4.png', '1', '2023-08-24 12:00:00', '2023-08-24 12:00:00'),
(86, 'Jason', '0911111196', 'Jason@test.com', '桃園市桃園區中正路86號', '1990-08-25', 1, '女', 'pic5.jpg', '2', '2023-08-25 12:00:00', '2023-08-25 12:00:00'),
(87, 'John', '0911111197', 'John@test.com', '桃園市桃園區中正路87號', '1990-08-26', 2, '男', 'pic6.png', '3', '2023-08-26 12:00:00', '2023-08-26 12:00:00'),
(88, 'Tom', '0911111198', 'Tom@test.com', '桃園市桃園區中正路88號', '1990-08-27', 3, '男', 'pic7.jpg', '1', '2023-08-27 12:00:00', '2023-08-27 12:00:00'),
(89, 'Tim', '0911111199', 'Tim@test.com', '桃園市桃園區中正路89號', '1990-08-28', 4, '女', 'pic8.jpeg', '2', '2023-08-28 12:00:00', '2023-08-28 12:00:00'),
(90, 'David', '0911111200', 'David@test.com', '桃園市桃園區中正路90號', '1990-08-29', 5, '女', 'pic9.png', '3', '2023-08-29 12:00:00', '2023-08-29 12:00:00'),
(91, 'Peter', '0911111201', 'Peter@test.com', '桃園市桃園區中正路91號', '1990-08-30', 1, '女', 'pic1.png', '1', '2023-08-30 12:00:00', '2023-08-30 12:00:00'),
(92, 'Jay', '0911111202', 'Jay@test.com', '桃園市桃園區中正路92號', '1990-08-31', 2, '男', 'pic2.webp', '2', '2023-08-31 12:00:00', '2023-08-31 12:00:00'),
(93, 'Johnny', '0911111203', 'Johnny@test.com', '桃園市桃園區中正路93號', '1990-09-01', 3, '男', 'pic3.jpg', '3', '2023-09-01 12:00:00', '2023-09-01 12:00:00'),
(94, 'Ted', '0911111204', 'Ted@test.com', '桃園市桃園區中正路94號', '1990-09-02', 4, '男', 'pic4.png', '1', '2023-09-02 12:00:00', '2023-09-02 12:00:00'),
(95, 'Scott', '0911111205', 'Scott@test.com', '桃園市桃園區中正路95號', '1990-09-03', 5, '男', 'pic5.jpg', '2', '2023-09-03 12:00:00', '2023-09-03 12:00:00'),
(96, 'Ricky', '0911111206', 'Ricky@test.com', '桃園市桃園區中正路96號', '1990-09-04', 1, '男', 'pic6.png', '3', '2023-09-04 12:00:00', '2023-09-04 12:00:00'),
(97, 'Louis', '0911111207', 'Louis@test.com', '桃園市桃園區中正路97號', '1990-09-05', 2, '男', 'pic7.jpg', '1', '2023-09-05 12:00:00', '2023-09-05 12:00:00'),
(98, 'Mark', '0911111208', 'Mark@test.com', '桃園市桃園區中正路98號', '1990-09-06', 3, '男', 'pic8.jpeg', '2', '2023-09-06 12:00:00', '2023-09-06 12:00:00'),
(99, 'Mike ', '0911111209', 'Mike @test.com', '桃園市桃園區中正路99號', '1990-09-07', 4, '男', 'pic9.png', '3', '2023-09-07 12:00:00', '2023-09-07 12:00:00'),
(100, 'Joe', '0911111210', 'Joe@test.com', '桃園市桃園區中正路100號', '1990-09-08', 5, '男', 'pic1.png', '1', '2023-09-08 12:00:00', '2023-09-08 12:00:00'),
(101, 'Jeremy', '0911111211', 'Jeremy@test.com', '桃園市桃園區中正路101號', '1990-09-09', 1, '男', 'pic2.webp', '2', '2023-09-09 12:00:00', '2023-09-09 12:00:00');

-- --------------------------------------------------------

--
-- 資料表結構 `users`
--

CREATE TABLE `users` (
  `user_id` int(11) NOT NULL,
  `username` varchar(30) NOT NULL,
  `password` varchar(30) NOT NULL,
  `email` varchar(30) NOT NULL,
  `created_at` datetime NOT NULL,
  `updated_at` datetime NOT NULL,
  `valid` tinyint(4) UNSIGNED NOT NULL
) ENGINE=InnoDB DEFAULT CHARSET=utf8mb4 COLLATE=utf8mb4_general_ci;

--
-- 傾印資料表的資料 `users`
--

INSERT INTO `users` (`user_id`, `username`, `password`, `email`, `created_at`, `updated_at`, `valid`) VALUES
(1, 'Amy', '827ccb0eea8a706c4c34a16891f84e', 'Amy@test.com', '2023-06-01 12:00:00', '2023-06-01 12:00:00', 1),
(2, 'Gary', '827ccb0eea8a706c4c34a16891f84e', 'Gary@test.com', '2023-06-02 12:00:00', '2023-06-02 12:00:00', 1),
(3, 'Eric', '827ccb0eea8a706c4c34a16891f84e', 'Eric@test.com', '2023-06-03 12:00:00', '2023-06-03 12:00:00', 1),
(4, 'Amy', '827ccb0eea8a706c4c34a16891f84e', 'Amy@test.com', '2023-06-04 12:00:00', '2023-06-04 12:00:00', 1),
(5, 'Carol', '827ccb0eea8a706c4c34a16891f84e', 'Carol@test.com', '2023-06-05 12:00:00', '2023-06-05 12:00:00', 1),
(6, 'Carrie', '827ccb0eea8a706c4c34a16891f84e', 'Carrie@test.com', '2023-06-06 12:00:00', '2023-06-06 12:00:00', 1),
(7, 'Amy', '827ccb0eea8a706c4c34a16891f84e', 'Amy@test.com', '2023-06-07 12:00:00', '2023-06-07 12:00:00', 1),
(8, 'Alice', '827ccb0eea8a706c4c34a16891f84e', 'Alice@test.com', '2023-06-08 12:00:00', '2023-06-08 12:00:00', 1),
(9, 'Carla', '827ccb0eea8a706c4c34a16891f84e', 'Carla@test.com', '2023-06-09 12:00:00', '2023-06-09 12:00:00', 1),
(10, 'Anne', '827ccb0eea8a706c4c34a16891f84e', 'Anne@test.com', '2023-06-10 12:00:00', '2023-06-10 12:00:00', 1),
(11, 'Annie', '827ccb0eea8a706c4c34a16891f84e', 'Annie@test.com', '2023-06-11 12:00:00', '2023-06-11 12:00:00', 1),
(12, 'Antonia', '827ccb0eea8a706c4c34a16891f84e', 'Antonia@test.com', '2023-06-12 12:00:00', '2023-06-12 12:00:00', 1),
(13, 'Alma', '827ccb0eea8a706c4c34a16891f84e', 'Alma@test.com', '2023-06-13 12:00:00', '2023-06-13 12:00:00', 1),
(14, 'Aspasia', '827ccb0eea8a706c4c34a16891f84e', 'Aspasia@test.com', '2023-06-14 12:00:00', '2023-06-14 12:00:00', 1),
(15, 'Avis', '827ccb0eea8a706c4c34a16891f84e', 'Avis@test.com', '2023-06-15 12:00:00', '2023-06-15 12:00:00', 1),
(16, 'Babs', '827ccb0eea8a706c4c34a16891f84e', 'Babs@test.com', '2023-06-16 12:00:00', '2023-06-16 12:00:00', 1),
(17, 'Becky', '827ccb0eea8a706c4c34a16891f84e', 'Becky@test.com', '2023-06-17 12:00:00', '2023-06-17 12:00:00', 1),
(18, 'Doris', '827ccb0eea8a706c4c34a16891f84e', 'Doris@test.com', '2023-06-18 12:00:00', '2023-06-18 12:00:00', 1),
(19, 'Elva', '827ccb0eea8a706c4c34a16891f84e', 'Elva@test.com', '2023-06-19 12:00:00', '2023-06-19 12:00:00', 1),
(20, 'Eileen', '827ccb0eea8a706c4c34a16891f84e', 'Eileen@test.com', '2023-06-20 12:00:00', '2023-06-20 12:00:00', 1),
(21, 'Ella', '827ccb0eea8a706c4c34a16891f84e', 'Ella@test.com', '2023-06-21 12:00:00', '2023-06-21 12:00:00', 1),
(22, 'Elsa', '827ccb0eea8a706c4c34a16891f84e', 'Elsa@test.com', '2023-06-22 12:00:00', '2023-06-22 12:00:00', 1),
(23, 'Emily', '827ccb0eea8a706c4c34a16891f84e', 'Emily@test.com', '2023-06-23 12:00:00', '2023-06-23 12:00:00', 1),
(24, 'Amy', '827ccb0eea8a706c4c34a16891f84e', 'Amy@test.com', '2023-06-24 12:00:00', '2023-06-24 12:00:00', 1),
(25, 'Diane', '827ccb0eea8a706c4c34a16891f84e', 'Diane@test.com', '2023-06-25 12:00:00', '2023-06-25 12:00:00', 1),
(26, 'Dora', '827ccb0eea8a706c4c34a16891f84e', 'Dora@test.com', '2023-06-26 12:00:00', '2023-06-26 12:00:00', 1),
(27, 'Edith', '827ccb0eea8a706c4c34a16891f84e', 'Edith@test.com', '2023-06-27 12:00:00', '2023-06-27 12:00:00', 1),
(28, 'Elaine', '827ccb0eea8a706c4c34a16891f84e', 'Elaine@test.com', '2023-06-28 12:00:00', '2023-06-28 12:00:00', 1),
(29, 'Amy', '827ccb0eea8a706c4c34a16891f84e', 'Amy@test.com', '2023-06-29 12:00:00', '2023-06-29 12:00:00', 1),
(30, 'Ellen', '827ccb0eea8a706c4c34a16891f84e', 'Ellen@test.com', '2023-06-30 12:00:00', '2023-06-30 12:00:00', 1),
(31, 'Elsie', '827ccb0eea8a706c4c34a16891f84e', 'Elsie@test.com', '2023-07-01 12:00:00', '2023-07-01 12:00:00', 1),
(32, 'Emma', '827ccb0eea8a706c4c34a16891f84e', 'Emma@test.com', '2023-07-02 12:00:00', '2023-07-02 12:00:00', 1),
(33, 'Jenny', '827ccb0eea8a706c4c34a16891f84e', 'Jenny@test.com', '2023-07-03 12:00:00', '2023-07-03 12:00:00', 1),
(34, 'Jessie', '827ccb0eea8a706c4c34a16891f84e', 'Jessie@test.com', '2023-07-04 12:00:00', '2023-07-04 12:00:00', 1),
(35, 'Joan', '827ccb0eea8a706c4c34a16891f84e', 'Joan@test.com', '2023-07-05 12:00:00', '2023-07-05 12:00:00', 1),
(36, 'Amy', '827ccb0eea8a706c4c34a16891f84e', 'Amy@test.com', '2023-07-06 12:00:00', '2023-07-06 12:00:00', 1),
(37, 'Jode', '827ccb0eea8a706c4c34a16891f84e', 'Jode@test.com', '2023-07-07 12:00:00', '2023-07-07 12:00:00', 1),
(38, 'Judy', '827ccb0eea8a706c4c34a16891f84e', 'Judy@test.com', '2023-07-08 12:00:00', '2023-07-08 12:00:00', 1),
(39, 'Joyce', '827ccb0eea8a706c4c34a16891f84e', 'Joyce@test.com', '2023-07-09 12:00:00', '2023-07-09 12:00:00', 1),
(40, 'Julia', '827ccb0eea8a706c4c34a16891f84e', 'Julia@test.com', '2023-07-10 12:00:00', '2023-07-10 12:00:00', 1),
(41, 'Lily', '827ccb0eea8a706c4c34a16891f84e', 'Lily@test.com', '2023-07-11 12:00:00', '2023-07-11 12:00:00', 1),
(42, 'Lisa', '827ccb0eea8a706c4c34a16891f84e', 'Lisa@test.com', '2023-07-12 12:00:00', '2023-07-12 12:00:00', 1),
(43, 'Lois', '827ccb0eea8a706c4c34a16891f84e', 'Lois@test.com', '2023-07-13 12:00:00', '2023-07-13 12:00:00', 1),
(44, 'Amy', '827ccb0eea8a706c4c34a16891f84e', 'Amy@test.com', '2023-07-14 12:00:00', '2023-07-14 12:00:00', 1),
(45, 'Amy', '827ccb0eea8a706c4c34a16891f84e', 'Amy@test.com', '2023-07-15 12:00:00', '2023-07-15 12:00:00', 1),
(46, 'Lynn', '827ccb0eea8a706c4c34a16891f84e', 'Lynn@test.com', '2023-07-16 12:00:00', '2023-07-16 12:00:00', 1),
(47, 'LuLu', '827ccb0eea8a706c4c34a16891f84e', 'LuLu@test.com', '2023-07-17 12:00:00', '2023-07-17 12:00:00', 1),
(48, 'Madge', '827ccb0eea8a706c4c34a16891f84e', 'Madge@test.com', '2023-07-18 12:00:00', '2023-07-18 12:00:00', 1),
(49, 'Mandy', '827ccb0eea8a706c4c34a16891f84e', 'Mandy@test.com', '2023-07-19 12:00:00', '2023-07-19 12:00:00', 1),
(50, 'Linda', '827ccb0eea8a706c4c34a16891f84e', 'Linda@test.com', '2023-07-20 12:00:00', '2023-07-20 12:00:00', 1),
(51, 'Livia', '827ccb0eea8a706c4c34a16891f84e', 'Livia@test.com', '2023-07-21 12:00:00', '2023-07-21 12:00:00', 1),
(52, 'Lori', '827ccb0eea8a706c4c34a16891f84e', 'Lori@test.com', '2023-07-22 12:00:00', '2023-07-22 12:00:00', 1),
(53, 'Louise', '827ccb0eea8a706c4c34a16891f84e', 'Louise@test.com', '2023-07-23 12:00:00', '2023-07-23 12:00:00', 1),
(54, 'Lucy', '827ccb0eea8a706c4c34a16891f84e', 'Lucy@test.com', '2023-07-24 12:00:00', '2023-07-24 12:00:00', 1),
(55, 'Amy', '827ccb0eea8a706c4c34a16891f84e', 'Amy@test.com', '2023-07-25 12:00:00', '2023-07-25 12:00:00', 1),
(56, 'Amy', '827ccb0eea8a706c4c34a16891f84e', 'Amy@test.com', '2023-07-26 12:00:00', '2023-07-26 12:00:00', 1),
(57, 'Maggie', '827ccb0eea8a706c4c34a16891f84e', 'Maggie@test.com', '2023-07-27 12:00:00', '2023-07-27 12:00:00', 1),
(58, 'Marcia', '827ccb0eea8a706c4c34a16891f84e', 'Marcia@test.com', '2023-07-28 12:00:00', '2023-07-28 12:00:00', 1),
(59, 'Nicole', '827ccb0eea8a706c4c34a16891f84e', 'Nicole@test.com', '2023-07-29 12:00:00', '2023-07-29 12:00:00', 1),
(60, 'Nita', '827ccb0eea8a706c4c34a16891f84e', 'Nita@test.com', '2023-07-30 12:00:00', '2023-07-30 12:00:00', 1),
(61, 'Olive', '827ccb0eea8a706c4c34a16891f84e', 'Olive@test.com', '2023-07-31 12:00:00', '2023-07-31 12:00:00', 1),
(62, 'Pancy', '827ccb0eea8a706c4c34a16891f84e', 'Pancy@test.com', '2023-08-01 12:00:00', '2023-08-01 12:00:00', 1),
(63, 'Paula', '827ccb0eea8a706c4c34a16891f84e', 'Paula@test.com', '2023-08-02 12:00:00', '2023-08-02 12:00:00', 1),
(64, 'Peggie', '827ccb0eea8a706c4c34a16891f84e', 'Peggie@test.com', '2023-08-03 12:00:00', '2023-08-03 12:00:00', 1),
(65, 'Rose', '827ccb0eea8a706c4c34a16891f84e', 'Rose@test.com', '2023-08-04 12:00:00', '2023-08-04 12:00:00', 1),
(66, 'Ruby', '827ccb0eea8a706c4c34a16891f84e', 'Ruby@test.com', '2023-08-05 12:00:00', '2023-08-05 12:00:00', 1),
(67, 'Katie', '827ccb0eea8a706c4c34a16891f84e', 'Katie@test.com', '2023-08-06 12:00:00', '2023-08-06 12:00:00', 1),
(68, 'Kim', '827ccb0eea8a706c4c34a16891f84e', 'Kim@test.com', '2023-08-07 12:00:00', '2023-08-07 12:00:00', 1),
(69, 'Kitty', '827ccb0eea8a706c4c34a16891f84e', 'Kitty@test.com', '2023-08-08 12:00:00', '2023-08-08 12:00:00', 1),
(70, 'Amy', '827ccb0eea8a706c4c34a16891f84e', 'Amy@test.com', '2023-08-09 12:00:00', '2023-08-09 12:00:00', 1),
(71, 'Sandy', '827ccb0eea8a706c4c34a16891f84e', 'Sandy@test.com', '2023-08-10 12:00:00', '2023-08-10 12:00:00', 1),
(72, 'Sheila', '827ccb0eea8a706c4c34a16891f84e', 'Sheila@test.com', '2023-08-11 12:00:00', '2023-08-11 12:00:00', 1),
(73, 'Amy', '827ccb0eea8a706c4c34a16891f84e', 'Amy@test.com', '2023-08-12 12:00:00', '2023-08-12 12:00:00', 1),
(74, 'Sophia', '827ccb0eea8a706c4c34a16891f84e', 'Sophia@test.com', '2023-08-13 12:00:00', '2023-08-13 12:00:00', 1),
(75, 'Stella', '827ccb0eea8a706c4c34a16891f84e', 'Stella@test.com', '2023-08-14 12:00:00', '2023-08-14 12:00:00', 1),
(76, 'Vivian', '827ccb0eea8a706c4c34a16891f84e', 'Vivian@test.com', '2023-08-15 12:00:00', '2023-08-15 12:00:00', 1),
(77, 'Valerie', '827ccb0eea8a706c4c34a16891f84e', 'Valerie@test.com', '2023-08-16 12:00:00', '2023-08-16 12:00:00', 1),
(78, 'Veronica', '827ccb0eea8a706c4c34a16891f84e', 'Veronica@test.com', '2023-08-17 12:00:00', '2023-08-17 12:00:00', 1),
(79, 'Amy', '827ccb0eea8a706c4c34a16891f84e', 'Amy@test.com', '2023-08-18 12:00:00', '2023-08-18 12:00:00', 1),
(80, 'Zoe', '827ccb0eea8a706c4c34a16891f84e', 'Zoe@test.com', '2023-08-19 12:00:00', '2023-08-19 12:00:00', 1),
(81, 'Max', '827ccb0eea8a706c4c34a16891f84e', 'Max@test.com', '2023-08-20 12:00:00', '2023-08-20 12:00:00', 1),
(82, 'Kevin', '827ccb0eea8a706c4c34a16891f84e', 'Kevin@test.com', '2023-08-21 12:00:00', '2023-08-21 12:00:00', 1),
(83, 'Nick', '827ccb0eea8a706c4c34a16891f84e', 'Nick@test.com', '2023-08-22 12:00:00', '2023-08-22 12:00:00', 1),
(84, 'Jack', '827ccb0eea8a706c4c34a16891f84e', 'Jack@test.com', '2023-08-23 12:00:00', '2023-08-23 12:00:00', 1),
(85, 'Jacky', '827ccb0eea8a706c4c34a16891f84e', 'Jacky@test.com', '2023-08-24 12:00:00', '2023-08-24 12:00:00', 1),
(86, 'Jason', '827ccb0eea8a706c4c34a16891f84e', 'Jason@test.com', '2023-08-25 12:00:00', '2023-08-25 12:00:00', 1),
(87, 'John', '827ccb0eea8a706c4c34a16891f84e', 'John@test.com', '2023-08-26 12:00:00', '2023-08-26 12:00:00', 1),
(88, 'Tom', '827ccb0eea8a706c4c34a16891f84e', 'Tom@test.com', '2023-08-27 12:00:00', '2023-08-27 12:00:00', 1),
(89, 'Tim', '827ccb0eea8a706c4c34a16891f84e', 'Tim@test.com', '2023-08-28 12:00:00', '2023-08-28 12:00:00', 1),
(90, 'David', '827ccb0eea8a706c4c34a16891f84e', 'David@test.com', '2023-08-29 12:00:00', '2023-08-29 12:00:00', 1),
(91, 'Peter', '827ccb0eea8a706c4c34a16891f84e', 'Peter@test.com', '2023-08-30 12:00:00', '2023-08-30 12:00:00', 1),
(92, 'Jay', '827ccb0eea8a706c4c34a16891f84e', 'Jay@test.com', '2023-08-31 12:00:00', '2023-08-31 12:00:00', 1),
(93, 'Johnny', '827ccb0eea8a706c4c34a16891f84e', 'Johnny@test.com', '2023-09-01 12:00:00', '2023-09-01 12:00:00', 1),
(94, 'Ted', '827ccb0eea8a706c4c34a16891f84e', 'Ted@test.com', '2023-09-02 12:00:00', '2023-09-02 12:00:00', 1),
(95, 'Scott', '827ccb0eea8a706c4c34a16891f84e', 'Scott@test.com', '2023-09-03 12:00:00', '2023-09-03 12:00:00', 1),
(96, 'Ricky', '827ccb0eea8a706c4c34a16891f84e', 'Ricky@test.com', '2023-09-04 12:00:00', '2023-09-04 12:00:00', 1),
(97, 'Louis', '827ccb0eea8a706c4c34a16891f84e', 'Louis@test.com', '2023-09-05 12:00:00', '2023-09-05 12:00:00', 1),
(98, 'Mark', '827ccb0eea8a706c4c34a16891f84e', 'Mark@test.com', '2023-09-06 12:00:00', '2023-09-06 12:00:00', 1),
(99, 'Mike ', '827ccb0eea8a706c4c34a16891f84e', 'Mike @test.com', '2023-09-07 12:00:00', '2023-09-07 12:00:00', 1),
(100, 'Joe', '827ccb0eea8a706c4c34a16891f84e', 'Joe@test.com', '2023-09-08 12:00:00', '2023-09-08 12:00:00', 1),
(101, 'Jeremy', '827ccb0eea8a706c4c34a16891f84e', 'Jeremy@test.com', '2023-09-09 12:00:00', '2023-09-09 12:00:00', 1);

-- --------------------------------------------------------

--
-- 資料表結構 `vendor`
--

CREATE TABLE `vendor` (
  `vendor_id` int(10) NOT NULL,
  `account` varchar(21) DEFAULT NULL,
  `password` varchar(200) DEFAULT NULL,
  `name` varchar(30) DEFAULT NULL,
  `company_location` varchar(10) DEFAULT NULL,
  `logo_image` varchar(200) DEFAULT NULL,
  `created_at` varchar(19) DEFAULT NULL,
  `updated_at` varchar(19) DEFAULT NULL
) ENGINE=InnoDB DEFAULT CHARSET=utf8 COLLATE=utf8_general_ci;

--
-- 傾印資料表的資料 `vendor`
--

INSERT INTO `vendor` (`vendor_id`, `account`, `password`, `name`, `company_location`, `logo_image`, `created_at`, `updated_at`) VALUES
(1, 'SunnyDay2022', 'SunnyDay2022', '寵愛家', '台北市', 'vendorIcon1.png', '2023-07-06 11:53:00', '2023-07-06 11:53:00'),
(2, 'Sparkle123', 'Sparkle123', '貓狗天地', '台北市', 'vendorIcon2.png', '2023-07-07 11:53:00', '2023-07-07 11:53:00'),
(3, 'DreamySky77', 'DreamySky77', '快樂毛孩', '台北市', 'vendorIcon3.png', '2023-07-08 11:53:00', '2023-07-08 11:53:00'),
(4, 'HappyPaws99', 'HappyPaws99', '毛寶貝', '高雄市', 'vendorIcon4.png', '2023-07-09 11:53:00', '2023-07-09 11:53:00'),
(5, 'StarGazer2023', 'StarGazer2023', '尾巴樂園', '高雄市', 'vendorIcon5.png', '2023-07-10 11:53:00', '2023-07-10 11:53:00'),
(6, 'BlissfulHeart88', 'BlissfulHeart88', '擁抱毛絨絨', '高雄市', 'vendorIcon6.png', '2023-07-11 11:53:00', '2023-07-11 11:53:00'),
(7, 'MagicBreeze22', 'MagicBreeze22', '毛球王國', '高雄市', 'vendorIcon7.png', '2023-07-12 11:53:00', '2023-07-12 11:53:00'),
(8, 'ShiningStarlet', 'ShiningStarlet', '寵物天堂', '新竹市', 'vendorIcon8.png', '2023-07-13 11:53:00', '2023-07-13 11:53:00'),
(9, 'SweetWhisper55', 'SweetWhisper55', '永遠的愛寵', '新竹市', 'vendorIcon9.png', '2023-07-14 11:53:00', '2023-07-14 11:53:00'),
(10, 'RainbowDreams77', 'RainbowDreams77', '蓬鬆尾巴', '新竹市', 'vendorIcon10.png', '2023-07-15 11:53:00', '2023-07-15 11:53:00'),
(11, 'aa123123', 'aa123123', '喵喵狗狗樂園', '新竹市', 'vendorIcon11.png', '2023-07-16 11:53:00', '2023-07-16 11:53:00'),
(12, 'bb123123', 'bb123123', '汪星人', '台南市', 'vendorIcon12.png', '2023-07-17 11:53:00', '2023-07-17 11:53:00'),
(13, 'SunnyBeach2022', 'SunnyBeach2022', '完美寵物印記', '台南市', 'vendorIcon13.png', '2023-07-18 11:53:00', '2023-07-18 11:53:00'),
(14, 'SparklingStar123', 'SparklingStar123', '毛絨嘉年華', '台南市', 'vendorIcon14.png', '2023-07-19 11:53:00', '2023-07-19 11:53:00'),
(15, 'DreamyMoonlight77', 'DreamyMoonlight77', '搖尾巴', '台南市', 'vendorIcon15.png', '2023-07-20 11:53:00', '2023-07-20 11:53:00'),
(16, 'HappyPetLover99', 'HappyPetLover99', '歡樂寵物護理', '台中市', 'vendorIcon16.png', '2023-07-21 11:53:00', '2023-07-21 11:53:00'),
(17, 'StarryNight2023', 'StarryNight2023', '毛茸茸的朋友', '台中市', 'vendorIcon17.png', '2023-07-22 11:53:00', '2023-07-22 11:53:00'),
(18, 'BlissfulJourney88', 'BlissfulJourney88', '活潑小動物', '桃園市', 'vendorIcon1.png', '2023-07-23 11:53:00', '2023-07-23 11:53:00'),
(19, 'MagicalAdventure22', 'MagicalAdventure22', '寵印', '桃園市', 'vendorIcon2.png', '2023-07-24 11:53:00', '2023-07-24 11:53:00'),
(20, 'ShiningBrightStar', 'ShiningBrightStar', '寵物樂園', '桃園市', 'vendorIcon3.png', '2023-07-25 11:53:00', '2023-07-25 11:53:00'),
(21, 'SweetMelody55', 'SweetMelody55', '黑皮寵物', '新北市', 'vendorIcon4.png', '2023-07-26 11:53:00', '2023-07-26 11:53:00'),
(22, 'RainbowSunset77', 'RainbowSunset77', '寵物之家', '新北市', 'vendorIcon5.png', '2023-07-27 11:53:00', '2023-07-27 11:53:00'),
(23, 'Allicle215', 'Allicle215', '有一股奶貓味股份有限公司', '', 'vendorIcon6.png', '2023-04-11 19:26:24', '2023-04-11 19:26:24'),
(24, 'StarGazer123', 'StarGazer123', '悠閒貓生活用品有限公司', '台北市', 'vendorIcon4.png', '2023-05-09 10:21:00', '2023-05-09 10:21:00'),
(25, 'AdventureSeeker56', 'AdventureSeeker56', '喵喵食尚罐頭食品有限公司', '台北市', 'vendorIcon2.png', '2023-02-25 16:49:00', '2023-02-25 16:49:00'),
(26, 'DreamChaser789', 'DreamChaser789', '貓咪樂活生活用品有限公司', '台北市', 'vendorIcon3.png', '2023-03-20 09:37:00', '2023-03-20 09:37:00'),
(27, 'MusicLover2022', 'MusicLover2022', '細心貓糧罐頭食品有限公司', '高雄市', 'vendorIcon17.png', '2023-04-17 21:15:00', '2023-04-17 21:15:00'),
(28, 'Bookworm1998', 'Bookworm1998', '貓界時尚家居生活有限公司', '高雄市', 'vendorIcon1.png', '2023-03-27 12:04:00', '2023-03-27 12:04:00'),
(29, 'NatureExplorer77', 'NatureExplorer77', '貓樂園罐頭食品有限公司', '高雄市', 'vendorIcon2.png', '2023-01-24 08:53:00', '2023-01-24 08:53:00'),
(30, 'TechGeek2023', 'TechGeek2023', '愛貓寵物生活用品有限公司', '高雄市', 'vendorIcon7.png', '2023-03-06 19:32:00', '2023-03-06 19:32:00'),
(31, 'TravelEnthusiast12', 'TravelEnthusiast12', '乖乖貓食罐頭食品有限公司', '新竹市', 'vendorIcon8.png', '2023-04-01 14:40:00', '2023-04-01 14:40:00'),
(32, 'FitnessFanatic2021', 'FitnessFanatic2021', '貓咪寶貝家居生活有限公司', '新竹市', 'vendorIcon9.png', '2023-06-22 11:06:00', '2023-06-22 11:06:00'),
(33, 'HappyCamper555', 'HappyCamper555', '貓食優選罐頭食品有限公司', '新竹市', 'vendorIcon10.png', '2023-05-15 07:44:00', '2023-05-15 07:44:00'),
(34, 'ArtisticSoul88', 'ArtisticSoul88', '貓咪天地生活用品有限公司', '新竹市', 'vendorIcon11.png', '2023-02-08 17:29:00', '2023-02-08 17:29:00'),
(35, 'FoodieLicious2022', 'FoodieLicious2022', '美味貓食罐頭食品有限公司', '台南市', 'vendorIcon12.png', '2023-06-16 23:58:00', '2023-06-16 23:58:00'),
(36, 'WanderlustDreamer19', 'WanderlustDreamer19', '貓之樂家居生活專賣有限公司', '台南市', 'vendorIcon8.png', '2023-05-19 13:53:00', '2023-05-19 13:53:00'),
(37, 'PetLover2023', 'PetLover2023', '貓食美好生活用品有限公司', '台南市', 'vendorIcon9.png', '2023-03-29 05:28:00', '2023-03-29 05:28:00'),
(38, 'SunshineSmiles123', 'SunshineSmiles123', '快樂貓糧罐頭食品有限公司', '台南市', 'vendorIcon10.png', '2023-04-04 10:14:00', '2023-04-04 10:14:00'),
(39, 'CoffeeAddict99', 'CoffeeAddict99', '愛貓寵物居家生活有限公司', '台北市', 'vendorIcon11.png', '2023-03-11 18:59:00', '2023-03-11 18:59:00'),
(40, 'MovieBuff2024', 'MovieBuff2024', '貓食美味家居生活購物有限公司', '高雄市', 'vendorIcon17.png', '2023-01-11 20:42:00', '2023-01-11 20:42:00'),
(41, 'FashionistaStyle21', 'FashionistaStyle21', '貓樂園天地罐頭食品有限公司', '高雄市', 'vendorIcon1.png', '2023-02-26 06:25:00', '2023-02-26 06:25:00'),
(42, 'SportsFanatic777', 'SportsFanatic777', '樂活貓家居生活用品有限公司', '新竹市', 'vendorIcon2.png', '2023-06-01 15:13:00', '2023-06-01 15:13:00'),
(43, 'BeachBum2025', 'BeachBum2025', '貓食佳餚美食罐頭食品有限公司', '新竹市', 'vendorIcon3.png', '2023-03-14 22:07:00', '2023-03-14 22:07:00'),
(44, 'CreativeMind22', 'CreativeMind22', '貓咪愛寵生活用品有限公司', '新竹市', 'vendorIcon4.png', '2023-06-12 12:50:00', '2023-06-12 12:50:00'),
(45, 'HealthyLiving2026', 'HealthyLiving2026', '頂級貓糧罐頭食品有限公司', '高雄市', 'vendorIcon2.png', '2023-04-20 09:34:00', '2023-04-20 09:34:00'),
(46, 'AdventureAwaits23', 'AdventureAwaits23', '貓之樂家居生活購物專賣有限公司', '台北市', 'vendorIcon3.png', '2023-05-26 19:18:00', '2023-05-26 19:18:00'),
(47, 'GreenThumbGardener', 'GreenThumbGardener', '貓食美好生活時尚有限公司', '台北市', 'vendorIcon4.png', '2023-04-30 08:01:00', '2023-04-30 08:01:00'),
(48, 'AnimalRightsActivist', 'AnimalRightsActivist', '愉快貓食罐頭食品有限公司', '台北市', 'vendorIcon17.png', '2023-06-20 21:44:00', '2023-06-20 21:44:00'),
(49, 'MindfulMeditator2027', 'MindfulMeditator2027', '愛貓寵物生活時光有限公司', '新竹市', 'vendorIcon1.png', '2023-01-21 02:26:00', '2023-01-21 02:26:00'),
(50, 'HappyHomeMaker24', 'HappyHomeMaker24', '貓樂園佳餚罐頭食品有限公司', '新竹市', 'vendorIcon2.png', '2023-02-19 12:08:00', '2023-02-19 12:08:00'),
(51, 'ThrillSeeker101', 'ThrillSeeker101', '貓食天地家居生活寶貝有限公司', '新竹市', 'vendorIcon5.png', '2023-04-23 21:49:00', '2023-04-23 21:49:00'),
(52, 'TechWhizKid2028', 'TechWhizKid2028', '樂活貓糧食罐頭食品有限公司', '高雄市', 'vendorIcon6.png', '2023-03-03 06:30:00', '2023-03-03 06:30:00'),
(53, 'BlissfulSerenity25', 'BlissfulSerenity25', '貓之樂家居生活購物美食有限公司', '桃園市', 'vendorIcon7.png', '2023-05-11 14:10:00', '2023-05-11 14:10:00'),
(54, 'BlissfulSerenity24', 'BlissfulSerenity24', '貓食尚品罐頭食品購物有限公司', '台南市', 'vendorIcon8.png', '2023-02-14 05:51:00', '2023-02-14 05:51:00'),
(55, 'AnimalRightsActiviate', 'AnimalRightsActiviate', '快樂貓咪生活用品有限公司', '台南市', 'vendorIcon9.png', '2023-06-29 19:31:00', '2023-06-29 19:31:00'),
(56, 'WanderlustDreamer39', 'WanderlustDreamer39', '貓食美味時尚罐頭食品有限公司', '台南市', 'vendorIcon3.png', '2023-03-18 02:11:00', '2023-03-18 02:11:00'),
(57, 'WanderlustDreamer20', 'WanderlustDreamer20', '愛貓寵物生活用品佳餚有限公司', '台南市', 'vendorIcon4.png', '2023-04-10 09:51:00', '2023-04-10 09:51:00'),
(58, 'WanderlustDreamer21', 'WanderlustDreamer21', '貓界時尚家居生活美食有限公司', '台北市', 'vendorIcon17.png', '2023-02-04 19:31:00', '2023-02-04 19:31:00'),
(59, 'WanderlustDreamer22', 'WanderlustDreamer22', '貓樂園天地家居生活專賣有限公司', '高雄市', 'vendorIcon1.png', '2023-06-03 05:10:00', '2023-06-03 05:10:00'),
(60, 'WanderlustDreamer23', 'WanderlustDreamer23', '悠閒貓食罐頭食品有限公司', '新竹市', 'vendorIcon2.png', '2023-01-15 11:49:00', '2023-01-15 11:49:00'),
(61, 'WanderlustDreamer24', 'WanderlustDreamer24', '貓食佳餚寵物生活用品有限公司', '高雄市', 'vendorIcon5.png', '2023-05-24 19:28:00', '2023-05-24 19:28:00'),
(62, 'SunshineSmiles125', 'SunshineSmiles125', '貓咪專業生活用品有限公司', '高雄市', 'vendorIcon2.png', '2023-04-28 02:06:00', '2023-04-28 02:06:00'),
(63, 'SunshineSmiles124', 'SunshineSmiles124', '味道貓餐廳管理有限公司', '新竹市', 'vendorIcon5.png', '2023-03-08 08:44:00', '2023-03-08 08:44:00'),
(64, 'AnimalRightsActivist', 'AnimalRightsActivist', '愉快貓食罐頭食品有限公司', '台北市', 'vendorIcon17.png', '2023-06-20 21:44:00', '2023-06-20 21:44:00'),
(65, 'MindfulMeditator2027', 'MindfulMeditator2027', '愛貓寵物生活時光有限公司', '新竹市', 'vendorIcon1.png', '2023-01-21 02:26:00', '2023-01-21 02:26:00'),
(66, 'HappyHomeMaker24', 'HappyHomeMaker24', '貓樂園佳餚罐頭食品有限公司', '新竹市', 'vendorIcon2.png', '2023-02-19 12:08:00', '2023-02-19 12:08:00'),
(67, 'ThrillSeeker101', 'ThrillSeeker101', '貓食天地家居生活寶貝有限公司', '新竹市', 'vendorIcon5.png', '2023-04-23 21:49:00', '2023-04-23 21:49:00'),
(68, 'TechWhizKid2028', 'TechWhizKid2028', '樂活貓糧食罐頭食品有限公司', '高雄市', 'vendorIcon6.png', '2023-03-03 06:30:00', '2023-03-03 06:30:00'),
(69, 'BlissfulSerenity25', 'BlissfulSerenity25', '貓之樂家居生活購物美食有限公司', '桃園市', 'vendorIcon7.png', '2023-05-11 14:10:00', '2023-05-11 14:10:00'),
(70, 'BlissfulSerenity24', 'BlissfulSerenity24', '貓食尚品罐頭食品購物有限公司', '台南市', 'vendorIcon8.png', '2023-02-14 05:51:00', '2023-02-14 05:51:00'),
(71, 'AnimalRightsActiviate', 'AnimalRightsActiviate', '快樂貓咪生活用品有限公司', '台南市', 'vendorIcon9.png', '2023-06-29 19:31:00', '2023-06-29 19:31:00'),
(72, 'WanderlustDreamer39', 'WanderlustDreamer39', '貓食美味時尚罐頭食品有限公司', '台南市', 'vendorIcon3.png', '2023-03-18 02:11:00', '2023-03-18 02:11:00'),
(73, 'WanderlustDreamer20', 'WanderlustDreamer20', '愛貓寵物生活用品佳餚有限公司', '台南市', 'vendorIcon4.png', '2023-04-10 09:51:00', '2023-04-10 09:51:00'),
(74, 'WanderlustDreamer21', 'WanderlustDreamer21', '貓界時尚家居生活美食有限公司', '台北市', 'vendorIcon17.png', '2023-02-04 19:31:00', '2023-02-04 19:31:00'),
(75, 'WanderlustDreamer22', 'WanderlustDreamer22', '貓樂園天地家居生活專賣有限公司', '高雄市', 'vendorIcon1.png', '2023-06-03 05:10:00', '2023-06-03 05:10:00'),
(76, 'WanderlustDreamer23', 'WanderlustDreamer23', '悠閒貓食罐頭食品有限公司', '新竹市', 'vendorIcon2.png', '2023-01-15 11:49:00', '2023-01-15 11:49:00'),
(77, 'WanderlustDreamer24', 'WanderlustDreamer24', '貓食佳餚寵物生活用品有限公司', '高雄市', 'vendorIcon5.png', '2023-05-24 19:28:00', '2023-05-24 19:28:00'),
(78, 'SunshineSmiles125', 'SunshineSmiles125', '貓咪專業生活用品有限公司', '高雄市', 'vendorIcon2.png', '2023-04-28 02:06:00', '2023-04-28 02:06:00'),
(79, 'SunshineSmiles124', 'SunshineSmiles124', '味道貓餐廳管理有限公司', '新竹市', 'vendorIcon5.png', '2023-03-08 08:44:00', '2023-03-08 08:44:00'),
(80, 'monster123', 'monster123', '怪獸部落', '台北市', 'vendorIcon18.png', '2023-07-11 11:54:23', '2023-07-11 11:54:23'),
(81, 'be123123', '$2y$10$fSm.jRinVlHqymKcvjVVl.F4LVfkNLUlFE9oRwiOpJ1jXkEeV11Se', '蝦趴潮貓股份有限公司', '', 'circle-shadow-and-husky.webp', '2023-07-13 13:27:30', '2023-07-14 14:40:19'),
(85, 'fff123123', '$2y$10$K4q7jZCyMcMqTPiOGE2l8eJq6TYHs86J/fwnUj5FdAy4QbQ3fc2Iq', '測試帳號04', '', 'defaultIcon.png', '2023-07-14 14:11:28', '2023-07-14 14:43:41'),
(86, 'cc123123', '$2y$10$Dc075O7TD1T4z2Yq5orTF.5PzZME7BXQkCDe49ybmkaOQNZ2XsHAO', '測試帳號06', '', 'defaultIcon.png', '2023-07-14 14:12:34', '2023-07-14 14:35:50');

--
-- 已傾印資料表的索引
--

--
-- 資料表索引 `article`
--
ALTER TABLE `article`
  ADD PRIMARY KEY (`id`);

--
-- 資料表索引 `article_category`
--
ALTER TABLE `article_category`
  ADD PRIMARY KEY (`id`);

--
-- 資料表索引 `article_images`
--
ALTER TABLE `article_images`
  ADD PRIMARY KEY (`id`);

--
-- 資料表索引 `category`
--
ALTER TABLE `category`
  ADD PRIMARY KEY (`category_id`);

--
-- 資料表索引 `coupon`
--
ALTER TABLE `coupon`
  ADD PRIMARY KEY (`coupon_id`);

--
-- 資料表索引 `orders`
--
ALTER TABLE `orders`
  ADD PRIMARY KEY (`order_id`),
  ADD KEY `vendor_id` (`vendor_id`),
  ADD KEY `user_id` (`user_id`);

--
-- 資料表索引 `order_details`
--
ALTER TABLE `order_details`
  ADD PRIMARY KEY (`order_detail_id`),
  ADD KEY `order_id` (`order_id`);

--
-- 資料表索引 `order_status`
--
ALTER TABLE `order_status`
  ADD PRIMARY KEY (`status_id`);

--
-- 資料表索引 `products`
--
ALTER TABLE `products`
  ADD PRIMARY KEY (`product_id`),
  ADD KEY `category_id` (`subcategory_id`),
  ADD KEY `vendor_id` (`vendor_id`);

--
-- 資料表索引 `subcategory`
--
ALTER TABLE `subcategory`
  ADD PRIMARY KEY (`subcategory_id`);

--
-- 資料表索引 `userinfo`
--
ALTER TABLE `userinfo`
  ADD PRIMARY KEY (`user_id`);

--
-- 資料表索引 `users`
--
ALTER TABLE `users`
  ADD PRIMARY KEY (`user_id`);

--
-- 資料表索引 `vendor`
--
ALTER TABLE `vendor`
  ADD PRIMARY KEY (`vendor_id`);

--
-- 在傾印的資料表使用自動遞增(AUTO_INCREMENT)
--

--
-- 使用資料表自動遞增(AUTO_INCREMENT) `article`
--
ALTER TABLE `article`
  MODIFY `id` int(255) NOT NULL AUTO_INCREMENT, AUTO_INCREMENT=51;

--
-- 使用資料表自動遞增(AUTO_INCREMENT) `article_category`
--
ALTER TABLE `article_category`
  MODIFY `id` int(3) NOT NULL AUTO_INCREMENT, AUTO_INCREMENT=4;

--
-- 使用資料表自動遞增(AUTO_INCREMENT) `article_images`
--
ALTER TABLE `article_images`
  MODIFY `id` int(5) NOT NULL AUTO_INCREMENT, AUTO_INCREMENT=42;

--
-- 使用資料表自動遞增(AUTO_INCREMENT) `category`
--
ALTER TABLE `category`
  MODIFY `category_id` int(30) NOT NULL AUTO_INCREMENT, AUTO_INCREMENT=7;

--
-- 使用資料表自動遞增(AUTO_INCREMENT) `coupon`
--
ALTER TABLE `coupon`
  MODIFY `coupon_id` int(11) UNSIGNED NOT NULL AUTO_INCREMENT, AUTO_INCREMENT=31;

--
-- 使用資料表自動遞增(AUTO_INCREMENT) `orders`
--
ALTER TABLE `orders`
  MODIFY `order_id` int(30) NOT NULL AUTO_INCREMENT, AUTO_INCREMENT=26;

--
-- 使用資料表自動遞增(AUTO_INCREMENT) `order_details`
--
ALTER TABLE `order_details`
  MODIFY `order_detail_id` int(30) NOT NULL AUTO_INCREMENT, AUTO_INCREMENT=61;

--
-- 使用資料表自動遞增(AUTO_INCREMENT) `order_status`
--
ALTER TABLE `order_status`
  MODIFY `status_id` int(3) NOT NULL AUTO_INCREMENT, AUTO_INCREMENT=5;

--
-- 使用資料表自動遞增(AUTO_INCREMENT) `products`
--
ALTER TABLE `products`
  MODIFY `product_id` int(30) NOT NULL AUTO_INCREMENT, AUTO_INCREMENT=123;

--
-- 使用資料表自動遞增(AUTO_INCREMENT) `subcategory`
--
ALTER TABLE `subcategory`
  MODIFY `subcategory_id` int(30) UNSIGNED NOT NULL AUTO_INCREMENT, AUTO_INCREMENT=31;

--
-- 使用資料表自動遞增(AUTO_INCREMENT) `userinfo`
--
ALTER TABLE `userinfo`
  MODIFY `user_id` int(11) NOT NULL AUTO_INCREMENT, AUTO_INCREMENT=102;

--
-- 使用資料表自動遞增(AUTO_INCREMENT) `users`
--
ALTER TABLE `users`
  MODIFY `user_id` int(11) NOT NULL AUTO_INCREMENT, AUTO_INCREMENT=102;

--
-- 使用資料表自動遞增(AUTO_INCREMENT) `vendor`
--
ALTER TABLE `vendor`
  MODIFY `vendor_id` int(10) NOT NULL AUTO_INCREMENT, AUTO_INCREMENT=87;

--
-- 已傾印資料表的限制式
--

--
-- 資料表的限制式 `order_details`
--
ALTER TABLE `order_details`
  ADD CONSTRAINT `order_details_ibfk_1` FOREIGN KEY (`order_id`) REFERENCES `orders` (`order_id`);
COMMIT;

/*!40101 SET CHARACTER_SET_CLIENT=@OLD_CHARACTER_SET_CLIENT */;
/*!40101 SET CHARACTER_SET_RESULTS=@OLD_CHARACTER_SET_RESULTS */;
/*!40101 SET COLLATION_CONNECTION=@OLD_COLLATION_CONNECTION */;
